date,region,Government response index,Containment and health index,Stringency index,Economic support index
01/07,Ontario,0,0,0,0
01/08,Ontario,0,0,0,0
01/09,Ontario,0,0,0,0
01/10,Ontario,0,0,0,0
01/11,Ontario,0,0,0,0
01/12,Ontario,0,0,0,0
01/13,Ontario,0,0,0,0
01/14,Ontario,0,0,0,0
01/15,Ontario,0,0,0,0
01/16,Ontario,0,0,0,0
01/17,Ontario,0,0,0,0
01/18,Ontario,0,0,0,0
01/19,Ontario,0,0,0,0
01/20,Ontario,0,0,0,0
01/21,Ontario,0,0,0,0
01/22,Ontario,0,0,0,0
01/23,Ontario,0,0,0,0
01/24,Ontario,1,2,2,0
01/25,Ontario,1,2,2,0
01/26,Ontario,3,4,5,0
01/27,Ontario,3,4,5,0
01/28,Ontario,3,4,5,0
01/29,Ontario,3,4,5,0
01/30,Ontario,3,4,5,0
01/31,Ontario,3,4,5,0
02/01,Ontario,3,4,5,0
02/02,Ontario,3,4,5,0
02/03,Ontario,3,4,5,0
02/04,Ontario,3,4,5,0
02/05,Ontario,3,4,5,0
02/06,Ontario,3,4,5,0
02/07,Ontario,3,4,5,0
02/08,Ontario,3,4,5,0
02/09,Ontario,3,4,5,0
02/10,Ontario,3,4,5,0
02/11,Ontario,3,4,5,0
02/12,Ontario,3,4,5,0
02/13,Ontario,3,4,5,0
02/14,Ontario,3,4,5,0
02/15,Ontario,3,4,5,0
02/16,Ontario,3,4,5,0
02/17,Ontario,3,4,5,0
02/18,Ontario,3,4,5,0
02/19,Ontario,3,4,5,0
02/20,Ontario,3,4,5,0
02/21,Ontario,3,4,5,0
02/22,Ontario,3,4,5,0
02/23,Ontario,3,4,5,0
02/24,Ontario,3,4,5,0
02/25,Ontario,3,4,5,0
02/26,Ontario,3,4,5,0
02/27,Ontario,3,4,5,0
02/28,Ontario,3,4,5,0
02/29,Ontario,3,4,5,0
03/01,Ontario,3,4,5,0
03/02,Ontario,3,4,5,0
03/03,Ontario,3,4,5,0
03/04,Ontario,3,4,5,0
03/05,Ontario,3,4,5,0
03/06,Ontario,3,4,5,0
03/07,Ontario,3,4,5,0
03/08,Ontario,3,4,5,0
03/09,Ontario,3,4,5,0
03/10,Ontario,3,4,5,0
03/11,Ontario,5,6,8,0
03/12,Ontario,15,18,11,0
03/13,Ontario,27,32,28,0
03/14,Ontario,27,32,28,0
03/15,Ontario,27,32,28,0
03/16,Ontario,28,34,30,0
03/17,Ontario,33,39,37,0
03/18,Ontario,33,39,37,0
03/19,Ontario,33,39,37,0
03/20,Ontario,33,39,37,0
03/21,Ontario,33,39,37,0
03/22,Ontario,33,39,37,0
03/23,Ontario,35,42,40,0
03/24,Ontario,35,42,40,0
03/25,Ontario,35,42,40,0
03/26,Ontario,35,42,40,0
03/27,Ontario,35,42,40,0
03/28,Ontario,35,42,40,0
03/29,Ontario,35,42,40,0
03/30,Ontario,41,49,49,0
03/31,Ontario,41,49,49,0
04/01,Ontario,41,49,49,0
04/02,Ontario,41,49,49,0
04/03,Ontario,41,49,49,0
04/04,Ontario,41,49,49,0
04/05,Ontario,41,49,49,0
04/06,Ontario,41,49,49,0
04/07,Ontario,41,49,49,0
04/08,Ontario,41,49,49,0
04/09,Ontario,41,49,49,0
04/10,Ontario,41,49,49,0
04/11,Ontario,41,49,49,0
04/12,Ontario,41,49,49,0
04/13,Ontario,41,49,49,0
04/14,Ontario,41,49,49,0
04/15,Ontario,41,49,49,0
04/16,Ontario,41,49,49,0
04/17,Ontario,41,49,49,0
04/18,Ontario,41,49,49,0
04/19,Ontario,41,49,49,0
04/20,Ontario,41,49,49,0
04/21,Ontario,41,49,49,0
04/22,Ontario,41,49,49,0
04/23,Ontario,41,49,49,0
04/24,Ontario,41,49,49,0
04/25,Ontario,41,49,49,0
04/26,Ontario,44,52,52,0
04/27,Ontario,44,52,52,0
04/28,Ontario,44,52,52,0
04/29,Ontario,44,52,52,0
04/30,Ontario,44,52,52,0
05/01,Ontario,44,52,52,0
05/02,Ontario,44,52,52,0
05/03,Ontario,44,52,52,0
05/04,Ontario,44,52,52,0
05/05,Ontario,44,52,52,0
05/06,Ontario,48,52,52,25
05/07,Ontario,48,52,52,25
05/08,Ontario,48,52,52,25
05/09,Ontario,48,52,52,25
05/10,Ontario,48,52,52,25
05/11,Ontario,48,52,52,25
05/12,Ontario,48,52,52,25
05/13,Ontario,48,52,52,25
05/14,Ontario,48,52,52,25
05/15,Ontario,48,52,52,25
05/16,Ontario,48,52,52,25
05/17,Ontario,48,52,52,25
05/18,Ontario,48,52,52,25
05/19,Ontario,48,52,52,25
05/20,Ontario,48,52,52,25
05/21,Ontario,48,52,52,25
05/22,Ontario,48,52,52,25
05/23,Ontario,48,52,52,25
05/24,Ontario,48,52,52,25
05/25,Ontario,48,52,52,25
05/26,Ontario,48,52,52,25
05/27,Ontario,48,52,52,25
05/28,Ontario,48,52,52,25
05/29,Ontario,48,52,52,25
05/30,Ontario,48,52,52,25
05/31,Ontario,48,52,52,25
06/01,Ontario,51,52,52,50
06/02,Ontario,51,52,52,50
06/03,Ontario,51,52,52,50
06/04,Ontario,51,52,52,50
06/05,Ontario,51,52,52,50
06/06,Ontario,51,52,52,50
06/07,Ontario,51,52,52,50
06/08,Ontario,51,52,52,50
06/09,Ontario,51,52,52,50
06/10,Ontario,51,52,52,50
06/11,Ontario,51,52,52,50
06/12,Ontario,51,52,52,50
06/13,Ontario,51,52,52,50
06/14,Ontario,51,52,52,50
06/15,Ontario,51,52,52,50
06/16,Ontario,51,52,52,50
06/17,Ontario,51,52,52,50
06/18,Ontario,51,52,52,50
06/19,Ontario,51,52,52,50
06/20,Ontario,51,52,52,50
06/21,Ontario,51,52,52,50
06/22,Ontario,51,52,52,50
06/23,Ontario,51,52,52,50
06/24,Ontario,51,52,52,50
06/25,Ontario,51,52,52,50
06/26,Ontario,51,52,52,50
06/27,Ontario,51,52,52,50
06/28,Ontario,51,52,52,50
06/29,Ontario,51,52,52,50
06/30,Ontario,51,52,52,50
07/01,Ontario,51,52,52,50
07/02,Ontario,51,52,52,50
07/03,Ontario,51,52,52,50
07/04,Ontario,51,52,52,50
07/05,Ontario,51,52,52,50
07/06,Ontario,51,52,52,50
07/07,Ontario,51,52,52,50
07/08,Ontario,51,52,52,50
07/09,Ontario,51,52,52,50
07/10,Ontario,51,52,52,50
07/11,Ontario,51,52,52,50
07/12,Ontario,51,52,52,50
07/13,Ontario,51,52,52,50
07/14,Ontario,51,52,52,50
07/15,Ontario,51,52,52,50
07/16,Ontario,51,52,52,50
07/17,Ontario,51,52,52,50
07/18,Ontario,51,52,52,50
07/19,Ontario,51,52,52,50
07/20,Ontario,51,52,52,50
07/21,Ontario,51,52,52,50
07/22,Ontario,51,52,52,50
07/23,Ontario,51,52,52,50
07/24,Ontario,51,52,52,50
07/25,Ontario,51,52,52,50
07/26,Ontario,51,52,52,50
07/27,Ontario,51,52,52,50
07/28,Ontario,51,52,52,50
07/29,Ontario,51,52,52,50
07/30,Ontario,51,52,52,50
07/31,Ontario,51,52,52,50
08/01,Ontario,51,52,52,50
08/02,Ontario,51,52,52,50
08/03,Ontario,51,52,52,50
08/04,Ontario,51,52,52,50
08/05,Ontario,51,52,52,50
08/06,Ontario,51,52,52,50
08/07,Ontario,51,52,52,50
08/08,Ontario,51,52,52,50
08/09,Ontario,51,52,52,50
08/10,Ontario,51,52,52,50
08/11,Ontario,51,52,52,50
08/12,Ontario,51,52,52,50
08/13,Ontario,51,52,52,50
08/14,Ontario,51,52,52,50
08/15,Ontario,51,52,52,50
08/16,Ontario,51,52,52,50
08/17,Ontario,51,52,52,50
08/18,Ontario,51,52,52,50
08/19,Ontario,51,52,52,50
08/20,Ontario,51,52,52,50
08/21,Ontario,51,52,52,50
08/22,Ontario,51,52,52,50
08/23,Ontario,51,52,52,50
08/24,Ontario,51,52,52,50
08/25,Ontario,51,52,52,50
08/26,Ontario,51,52,52,50
08/27,Ontario,51,52,52,50
08/28,Ontario,51,52,52,50
08/29,Ontario,51,52,52,50
08/30,Ontario,51,52,52,50
08/31,Ontario,51,52,52,50
09/01,Ontario,51,52,52,50
01/07,Quebec,0,0,0,0
01/08,Quebec,0,0,0,0
01/09,Quebec,0,0,0,0
01/10,Quebec,0,0,0,0
01/11,Quebec,0,0,0,0
01/12,Quebec,0,0,0,0
01/13,Quebec,0,0,0,0
01/14,Quebec,0,0,0,0
01/15,Quebec,0,0,0,0
01/16,Quebec,0,0,0,0
01/17,Quebec,0,0,0,0
01/18,Quebec,0,0,0,0
01/19,Quebec,0,0,0,0
01/20,Quebec,0,0,0,0
01/21,Quebec,0,0,0,0
01/22,Quebec,0,0,0,0
01/23,Quebec,0,0,0,0
01/24,Quebec,0,0,0,0
01/25,Quebec,0,0,0,0
01/26,Quebec,0,0,0,0
01/27,Quebec,0,0,0,0
01/28,Quebec,0,0,0,0
01/29,Quebec,0,0,0,0
01/30,Quebec,0,0,0,0
01/31,Quebec,0,0,0,0
02/01,Quebec,0,0,0,0
02/02,Quebec,0,0,0,0
02/03,Quebec,0,0,0,0
02/04,Quebec,0,0,0,0
02/05,Quebec,0,0,0,0
02/06,Quebec,0,0,0,0
02/07,Quebec,0,0,0,0
02/08,Quebec,0,0,0,0
02/09,Quebec,0,0,0,0
02/10,Quebec,0,0,0,0
02/11,Quebec,0,0,0,0
02/12,Quebec,0,0,0,0
02/13,Quebec,0,0,0,0
02/14,Quebec,0,0,0,0
02/15,Quebec,0,0,0,0
02/16,Quebec,0,0,0,0
02/17,Quebec,0,0,0,0
02/18,Quebec,0,0,0,0
02/19,Quebec,0,0,0,0
02/20,Quebec,0,0,0,0
02/21,Quebec,0,0,0,0
02/22,Quebec,0,0,0,0
02/23,Quebec,0,0,0,0
02/24,Quebec,0,0,0,0
02/25,Quebec,0,0,0,0
02/26,Quebec,0,0,0,0
02/27,Quebec,0,0,0,0
02/28,Quebec,0,0,0,0
02/29,Quebec,0,0,0,0
03/01,Quebec,0,0,0,0
03/02,Quebec,0,0,0,0
03/03,Quebec,0,0,0,0
03/04,Quebec,0,0,0,0
03/05,Quebec,0,0,0,0
03/06,Quebec,0,0,0,0
03/07,Quebec,0,0,0,0
03/08,Quebec,0,0,0,0
03/09,Quebec,0,0,0,0
03/10,Quebec,0,0,0,0
03/11,Quebec,0,0,0,0
03/12,Quebec,0,0,0,0
03/13,Quebec,10,12,14,0
03/14,Quebec,17,21,25,0
03/15,Quebec,17,21,25,0
03/16,Quebec,19,23,28,0
03/17,Quebec,23,28,34,0
03/18,Quebec,23,28,34,0
03/19,Quebec,27,32,39,0
03/20,Quebec,31,37,45,0
03/21,Quebec,31,37,45,0
03/22,Quebec,31,37,45,0
03/23,Quebec,33,40,49,0
03/24,Quebec,33,40,49,0
03/25,Quebec,33,40,49,0
03/26,Quebec,33,40,49,0
03/27,Quebec,33,40,49,0
03/28,Quebec,33,40,49,0
03/29,Quebec,33,40,49,0
03/30,Quebec,33,40,49,0
03/31,Quebec,33,40,49,0
04/01,Quebec,33,40,49,0
04/02,Quebec,33,40,49,0
04/03,Quebec,33,40,49,0
04/04,Quebec,33,40,49,0
04/05,Quebec,33,40,49,0
04/06,Quebec,33,40,49,0
04/07,Quebec,33,40,49,0
04/08,Quebec,33,40,49,0
04/09,Quebec,33,40,49,0
04/10,Quebec,33,40,49,0
04/11,Quebec,33,40,49,0
04/12,Quebec,33,40,49,0
04/13,Quebec,33,40,49,0
04/14,Quebec,33,40,49,0
04/15,Quebec,33,40,49,0
04/16,Quebec,33,40,49,0
04/17,Quebec,33,40,49,0
04/18,Quebec,33,40,49,0
04/19,Quebec,33,40,49,0
04/20,Quebec,33,40,49,0
04/21,Quebec,33,40,49,0
04/22,Quebec,33,40,49,0
04/23,Quebec,33,40,49,0
04/24,Quebec,33,40,49,0
04/25,Quebec,33,40,49,0
04/26,Quebec,33,40,49,0
04/27,Quebec,33,40,49,0
04/28,Quebec,33,40,49,0
04/29,Quebec,33,40,49,0
04/30,Quebec,33,40,49,0
05/01,Quebec,33,40,49,0
05/02,Quebec,33,40,49,0
05/03,Quebec,33,40,49,0
05/04,Quebec,33,40,49,0
05/05,Quebec,33,40,49,0
05/06,Quebec,33,40,49,0
05/07,Quebec,33,40,49,0
05/08,Quebec,33,40,49,0
05/09,Quebec,33,40,49,0
05/10,Quebec,33,40,49,0
05/11,Quebec,33,40,49,0
05/12,Quebec,33,40,49,0
05/13,Quebec,33,40,49,0
05/14,Quebec,33,40,49,0
05/15,Quebec,33,40,49,0
05/16,Quebec,33,40,49,0
05/17,Quebec,33,40,49,0
05/18,Quebec,33,40,49,0
05/19,Quebec,33,40,49,0
05/20,Quebec,33,40,49,0
05/21,Quebec,33,40,49,0
05/22,Quebec,33,40,49,0
05/23,Quebec,33,40,49,0
05/24,Quebec,33,40,49,0
05/25,Quebec,33,40,49,0
05/26,Quebec,33,40,49,0
05/27,Quebec,33,40,49,0
05/28,Quebec,33,40,49,0
05/29,Quebec,31,37,45,0
05/30,Quebec,31,37,45,0
05/31,Quebec,31,37,45,0
06/01,Quebec,29,34,42,0
06/02,Quebec,29,34,42,0
06/03,Quebec,29,34,42,0
06/04,Quebec,29,34,42,0
06/05,Quebec,29,34,42,0
06/06,Quebec,29,34,42,0
06/07,Quebec,29,34,42,0
06/08,Quebec,29,34,42,0
06/09,Quebec,29,34,42,0
06/10,Quebec,29,34,42,0
06/11,Quebec,29,34,42,0
06/12,Quebec,29,34,42,0
06/13,Quebec,29,34,42,0
06/14,Quebec,29,34,42,0
06/15,Quebec,29,34,42,0
06/16,Quebec,29,34,42,0
06/17,Quebec,29,34,42,0
06/18,Quebec,29,34,42,0
06/19,Quebec,29,34,42,0
06/20,Quebec,29,34,42,0
06/21,Quebec,29,34,42,0
06/22,Quebec,21,25,31,0
06/23,Quebec,21,25,31,0
06/24,Quebec,21,25,31,0
06/25,Quebec,21,25,31,0
06/26,Quebec,21,25,31,0
06/27,Quebec,21,25,31,0
06/28,Quebec,21,25,31,0
06/29,Quebec,21,25,31,0
06/30,Quebec,21,25,31,0
07/01,Quebec,21,25,31,0
07/02,Quebec,21,25,31,0
07/03,Quebec,21,25,31,0
07/04,Quebec,21,25,31,0
07/05,Quebec,21,25,31,0
07/06,Quebec,21,25,31,0
07/07,Quebec,21,25,31,0
07/08,Quebec,21,25,31,0
07/09,Quebec,21,25,31,0
07/10,Quebec,21,25,31,0
07/11,Quebec,21,25,31,0
07/12,Quebec,21,25,31,0
07/13,Quebec,21,25,31,0
07/14,Quebec,21,25,31,0
07/15,Quebec,21,25,31,0
07/16,Quebec,21,25,31,0
07/17,Quebec,21,25,31,0
07/18,Quebec,21,25,31,0
07/19,Quebec,21,25,31,0
07/20,Quebec,21,25,31,0
07/21,Quebec,21,25,31,0
07/22,Quebec,21,25,31,0
07/23,Quebec,21,25,31,0
07/24,Quebec,21,25,31,0
07/25,Quebec,21,25,31,0
07/26,Quebec,21,25,31,0
07/27,Quebec,21,25,31,0
07/28,Quebec,21,25,31,0
07/29,Quebec,21,25,31,0
07/30,Quebec,21,25,31,0
07/31,Quebec,21,25,31,0
08/01,Quebec,21,25,31,0
08/02,Quebec,21,25,31,0
08/03,Quebec,21,25,31,0
08/04,Quebec,21,25,31,0
08/05,Quebec,21,25,31,0
08/06,Quebec,21,25,31,0
08/07,Quebec,21,25,31,0
08/08,Quebec,21,25,31,0
08/09,Quebec,21,25,31,0
08/10,Quebec,21,25,31,0
08/11,Quebec,21,25,31,0
08/12,Quebec,21,25,31,0
08/13,Quebec,21,25,31,0
08/14,Quebec,21,25,31,0
08/15,Quebec,21,25,31,0
08/16,Quebec,21,25,31,0
08/17,Quebec,21,25,31,0
08/18,Quebec,21,25,31,0
08/19,Quebec,21,25,31,0
08/20,Quebec,21,25,31,0
08/21,Quebec,21,25,31,0
08/22,Quebec,21,25,31,0
08/23,Quebec,21,25,31,0
08/24,Quebec,21,25,31,0
08/25,Quebec,21,25,31,0
08/26,Quebec,21,25,31,0
08/27,Quebec,21,25,31,0
08/28,Quebec,21,25,31,0
08/29,Quebec,21,25,31,0
08/30,Quebec,21,25,31,0
08/31,Quebec,21,25,31,0
09/01,Quebec,21,25,31,0
01/07,British Columbia,0,0,0,0
01/08,British Columbia,0,0,0,0
01/09,British Columbia,0,0,0,0
01/10,British Columbia,0,0,0,0
01/11,British Columbia,0,0,0,0
01/12,British Columbia,0,0,0,0
01/13,British Columbia,0,0,0,0
01/14,British Columbia,0,0,0,0
01/15,British Columbia,0,0,0,0
01/16,British Columbia,0,0,0,0
01/17,British Columbia,0,0,0,0
01/18,British Columbia,0,0,0,0
01/19,British Columbia,0,0,0,0
01/20,British Columbia,0,0,0,0
01/21,British Columbia,1,2,2,0
01/22,British Columbia,1,2,2,0
01/23,British Columbia,1,2,2,0
01/24,British Columbia,1,2,2,0
01/25,British Columbia,1,2,2,0
01/26,British Columbia,1,2,2,0
01/27,British Columbia,1,2,2,0
01/28,British Columbia,5,6,8,0
01/29,British Columbia,5,6,8,0
01/30,British Columbia,5,6,8,0
01/31,British Columbia,5,6,8,0
02/01,British Columbia,5,6,8,0
02/02,British Columbia,5,6,8,0
02/03,British Columbia,5,6,8,0
02/04,British Columbia,7,9,11,0
02/05,British Columbia,7,9,11,0
02/06,British Columbia,7,9,11,0
02/07,British Columbia,7,9,11,0
02/08,British Columbia,7,9,11,0
02/09,British Columbia,7,9,11,0
02/10,British Columbia,7,9,11,0
02/11,British Columbia,7,9,11,0
02/12,British Columbia,7,9,11,0
02/13,British Columbia,7,9,11,0
02/14,British Columbia,7,9,11,0
02/15,British Columbia,7,9,11,0
02/16,British Columbia,7,9,11,0
02/17,British Columbia,7,9,11,0
02/18,British Columbia,7,9,11,0
02/19,British Columbia,7,9,11,0
02/20,British Columbia,7,9,11,0
02/21,British Columbia,7,9,11,0
02/22,British Columbia,7,9,11,0
02/23,British Columbia,7,9,11,0
02/24,British Columbia,7,9,11,0
02/25,British Columbia,7,9,11,0
02/26,British Columbia,7,9,11,0
02/27,British Columbia,7,9,11,0
02/28,British Columbia,7,9,11,0
02/29,British Columbia,7,9,11,0
03/01,British Columbia,7,9,11,0
03/02,British Columbia,7,9,11,0
03/03,British Columbia,11,13,16,0
03/04,British Columbia,11,13,16,0
03/05,British Columbia,11,13,16,0
03/06,British Columbia,11,13,16,0
03/07,British Columbia,11,13,16,0
03/08,British Columbia,11,13,16,0
03/09,British Columbia,11,13,16,0
03/10,British Columbia,11,13,16,0
03/11,British Columbia,15,18,22,0
03/12,British Columbia,19,22,27,0
03/13,British Columbia,19,22,27,0
03/14,British Columbia,19,22,27,0
03/15,British Columbia,19,22,27,0
03/16,British Columbia,33,40,49,0
03/17,British Columbia,33,40,49,0
03/18,British Columbia,35,41,50,0
03/19,British Columbia,35,41,50,0
03/20,British Columbia,35,41,50,0
03/21,British Columbia,35,41,50,0
03/22,British Columbia,35,41,50,0
03/23,British Columbia,35,41,50,0
03/24,British Columbia,35,41,50,0
03/25,British Columbia,35,41,50,0
03/26,British Columbia,35,41,50,0
03/27,British Columbia,35,41,50,0
03/28,British Columbia,35,41,50,0
03/29,British Columbia,35,41,50,0
03/30,British Columbia,35,41,50,0
03/31,British Columbia,35,41,50,0
04/01,British Columbia,35,41,50,0
04/02,British Columbia,35,41,50,0
04/03,British Columbia,35,41,50,0
04/04,British Columbia,35,41,50,0
04/05,British Columbia,35,41,50,0
04/06,British Columbia,35,41,50,0
04/07,British Columbia,35,41,50,0
04/08,British Columbia,35,41,50,0
04/09,British Columbia,35,41,50,0
04/10,British Columbia,35,41,50,0
04/11,British Columbia,35,41,50,0
04/12,British Columbia,35,41,50,0
04/13,British Columbia,35,41,50,0
04/14,British Columbia,35,41,50,0
04/15,British Columbia,35,41,50,0
04/16,British Columbia,35,41,50,0
04/17,British Columbia,35,41,50,0
04/18,British Columbia,35,41,50,0
04/19,British Columbia,35,41,50,0
04/20,British Columbia,35,41,50,0
04/21,British Columbia,35,41,50,0
04/22,British Columbia,35,41,50,0
04/23,British Columbia,35,41,50,0
04/24,British Columbia,35,41,50,0
04/25,British Columbia,35,41,50,0
04/26,British Columbia,35,41,50,0
04/27,British Columbia,35,41,50,0
04/28,British Columbia,35,41,50,0
04/29,British Columbia,35,41,50,0
04/30,British Columbia,35,41,50,0
05/01,British Columbia,35,41,50,0
05/02,British Columbia,35,41,50,0
05/03,British Columbia,35,41,50,0
05/04,British Columbia,35,41,50,0
05/05,British Columbia,35,41,50,0
05/06,British Columbia,35,41,50,0
05/07,British Columbia,35,41,50,0
05/08,British Columbia,35,41,50,0
05/09,British Columbia,35,41,50,0
05/10,British Columbia,35,41,50,0
05/11,British Columbia,35,41,50,0
05/12,British Columbia,35,41,50,0
05/13,British Columbia,35,41,50,0
05/14,British Columbia,35,41,50,0
05/15,British Columbia,35,41,50,0
05/16,British Columbia,35,41,50,0
05/17,British Columbia,35,41,50,0
05/18,British Columbia,35,41,50,0
05/19,British Columbia,35,41,50,0
05/20,British Columbia,35,41,50,0
05/21,British Columbia,35,41,50,0
05/22,British Columbia,35,41,50,0
05/23,British Columbia,35,41,50,0
05/24,British Columbia,35,41,50,0
05/25,British Columbia,35,41,50,0
05/26,British Columbia,35,41,50,0
05/27,British Columbia,35,41,50,0
05/28,British Columbia,35,41,50,0
05/29,British Columbia,35,41,50,0
05/30,British Columbia,35,41,50,0
05/31,British Columbia,35,41,50,0
06/01,British Columbia,35,41,50,0
06/02,British Columbia,35,41,50,0
06/03,British Columbia,35,41,50,0
06/04,British Columbia,35,41,50,0
06/05,British Columbia,35,41,50,0
06/06,British Columbia,35,41,50,0
06/07,British Columbia,35,41,50,0
06/08,British Columbia,35,41,50,0
06/09,British Columbia,35,41,50,0
06/10,British Columbia,35,41,50,0
06/11,British Columbia,35,41,50,0
06/12,British Columbia,35,41,50,0
06/13,British Columbia,35,41,50,0
06/14,British Columbia,35,41,50,0
06/15,British Columbia,35,41,50,0
06/16,British Columbia,35,41,50,0
06/17,British Columbia,35,41,50,0
06/18,British Columbia,35,41,50,0
06/19,British Columbia,35,41,50,0
06/20,British Columbia,35,41,50,0
06/21,British Columbia,35,41,50,0
06/22,British Columbia,35,41,50,0
06/23,British Columbia,35,41,50,0
06/24,British Columbia,35,41,50,0
06/25,British Columbia,35,41,50,0
06/26,British Columbia,35,41,50,0
06/27,British Columbia,35,41,50,0
06/28,British Columbia,35,41,50,0
06/29,British Columbia,35,41,50,0
06/30,British Columbia,35,41,50,0
07/01,British Columbia,35,41,50,0
07/02,British Columbia,35,41,50,0
07/03,British Columbia,35,41,50,0
07/04,British Columbia,35,41,50,0
07/05,British Columbia,35,41,50,0
07/06,British Columbia,35,41,50,0
07/07,British Columbia,35,41,50,0
07/08,British Columbia,35,41,50,0
07/09,British Columbia,35,41,50,0
07/10,British Columbia,35,41,50,0
07/11,British Columbia,35,41,50,0
07/12,British Columbia,35,41,50,0
07/13,British Columbia,35,41,50,0
07/14,British Columbia,35,41,50,0
07/15,British Columbia,35,41,50,0
07/16,British Columbia,35,41,50,0
07/17,British Columbia,35,41,50,0
07/18,British Columbia,35,41,50,0
07/19,British Columbia,35,41,50,0
07/20,British Columbia,35,41,50,0
07/21,British Columbia,35,41,50,0
07/22,British Columbia,35,41,50,0
07/23,British Columbia,35,41,50,0
07/24,British Columbia,35,41,50,0
07/25,British Columbia,35,41,50,0
07/26,British Columbia,35,41,50,0
07/27,British Columbia,35,41,50,0
07/28,British Columbia,35,41,50,0
07/29,British Columbia,35,41,50,0
07/30,British Columbia,35,41,50,0
07/31,British Columbia,35,41,50,0
08/01,British Columbia,35,41,50,0
08/02,British Columbia,35,41,50,0
08/03,British Columbia,35,41,50,0
08/04,British Columbia,35,41,50,0
08/05,British Columbia,35,41,50,0
08/06,British Columbia,35,41,50,0
08/07,British Columbia,35,41,50,0
08/08,British Columbia,35,41,50,0
08/09,British Columbia,35,41,50,0
08/10,British Columbia,35,41,50,0
08/11,British Columbia,35,41,50,0
08/12,British Columbia,35,41,50,0
08/13,British Columbia,35,41,50,0
08/14,British Columbia,35,41,50,0
08/15,British Columbia,35,41,50,0
08/16,British Columbia,35,41,50,0
08/17,British Columbia,35,41,50,0
08/18,British Columbia,35,41,50,0
08/19,British Columbia,35,41,50,0
08/20,British Columbia,35,41,50,0
08/21,British Columbia,35,41,50,0
08/22,British Columbia,35,41,50,0
08/23,British Columbia,35,41,50,0
08/24,British Columbia,35,41,50,0
08/25,British Columbia,35,41,50,0
08/26,British Columbia,35,41,50,0
08/27,British Columbia,35,41,50,0
08/28,British Columbia,35,41,50,0
08/29,British Columbia,35,41,50,0
08/30,British Columbia,35,41,50,0
08/31,British Columbia,35,41,50,0
09/01,British Columbia,35,41,50,0
01/07,Saskatchewan,0,0,0,0
01/08,Saskatchewan,0,0,0,0
01/09,Saskatchewan,0,0,0,0
01/10,Saskatchewan,0,0,0,0
01/11,Saskatchewan,0,0,0,0
01/12,Saskatchewan,0,0,0,0
01/13,Saskatchewan,0,0,0,0
01/14,Saskatchewan,0,0,0,0
01/15,Saskatchewan,0,0,0,0
01/16,Saskatchewan,0,0,0,0
01/17,Saskatchewan,0,0,0,0
01/18,Saskatchewan,0,0,0,0
01/19,Saskatchewan,0,0,0,0
01/20,Saskatchewan,0,0,0,0
01/21,Saskatchewan,0,0,0,0
01/22,Saskatchewan,0,0,0,0
01/23,Saskatchewan,0,0,0,0
01/24,Saskatchewan,0,0,0,0
01/25,Saskatchewan,0,0,0,0
01/26,Saskatchewan,0,0,0,0
01/27,Saskatchewan,0,0,0,0
01/28,Saskatchewan,0,0,0,0
01/29,Saskatchewan,0,0,0,0
01/30,Saskatchewan,0,0,0,0
01/31,Saskatchewan,0,0,0,0
02/01,Saskatchewan,0,0,0,0
02/02,Saskatchewan,0,0,0,0
02/03,Saskatchewan,0,0,0,0
02/04,Saskatchewan,0,0,0,0
02/05,Saskatchewan,0,0,0,0
02/06,Saskatchewan,0,0,0,0
02/07,Saskatchewan,0,0,0,0
02/08,Saskatchewan,0,0,0,0
02/09,Saskatchewan,0,0,0,0
02/10,Saskatchewan,0,0,0,0
02/11,Saskatchewan,0,0,0,0
02/12,Saskatchewan,0,0,0,0
02/13,Saskatchewan,0,0,0,0
02/14,Saskatchewan,0,0,0,0
02/15,Saskatchewan,0,0,0,0
02/16,Saskatchewan,0,0,0,0
02/17,Saskatchewan,0,0,0,0
02/18,Saskatchewan,0,0,0,0
02/19,Saskatchewan,0,0,0,0
02/20,Saskatchewan,0,0,0,0
02/21,Saskatchewan,0,0,0,0
02/22,Saskatchewan,0,0,0,0
02/23,Saskatchewan,0,0,0,0
02/24,Saskatchewan,0,0,0,0
02/25,Saskatchewan,0,0,0,0
02/26,Saskatchewan,0,0,0,0
02/27,Saskatchewan,1,2,2,0
02/28,Saskatchewan,1,2,2,0
02/29,Saskatchewan,1,2,2,0
03/01,Saskatchewan,1,2,2,0
03/02,Saskatchewan,1,2,2,0
03/03,Saskatchewan,1,2,2,0
03/04,Saskatchewan,1,2,2,0
03/05,Saskatchewan,1,2,2,0
03/06,Saskatchewan,1,2,2,0
03/07,Saskatchewan,1,2,2,0
03/08,Saskatchewan,1,2,2,0
03/09,Saskatchewan,1,2,2,0
03/10,Saskatchewan,1,2,2,0
03/11,Saskatchewan,1,2,2,0
03/12,Saskatchewan,1,2,2,0
03/13,Saskatchewan,1,2,2,0
03/14,Saskatchewan,1,2,2,0
03/15,Saskatchewan,1,2,2,0
03/16,Saskatchewan,16,18,23,0
03/17,Saskatchewan,16,18,23,0
03/18,Saskatchewan,16,18,23,0
03/19,Saskatchewan,16,18,23,0
03/20,Saskatchewan,16,18,23,0
03/21,Saskatchewan,18,21,23,0
03/22,Saskatchewan,18,21,23,0
03/23,Saskatchewan,18,21,23,0
03/24,Saskatchewan,18,21,23,0
03/25,Saskatchewan,18,21,23,0
03/26,Saskatchewan,18,21,23,0
03/27,Saskatchewan,18,21,23,0
03/28,Saskatchewan,18,21,23,0
03/29,Saskatchewan,18,21,23,0
03/30,Saskatchewan,21,25,23,0
03/31,Saskatchewan,21,25,23,0
04/01,Saskatchewan,21,25,23,0
04/02,Saskatchewan,21,25,23,0
04/03,Saskatchewan,21,25,23,0
04/04,Saskatchewan,21,25,23,0
04/05,Saskatchewan,21,25,23,0
04/06,Saskatchewan,21,25,23,0
04/07,Saskatchewan,21,25,23,0
04/08,Saskatchewan,21,25,23,0
04/09,Saskatchewan,21,25,23,0
04/10,Saskatchewan,21,25,23,0
04/11,Saskatchewan,21,25,23,0
04/12,Saskatchewan,21,25,23,0
04/13,Saskatchewan,21,25,23,0
04/14,Saskatchewan,21,25,23,0
04/15,Saskatchewan,21,25,23,0
04/16,Saskatchewan,21,25,23,0
04/17,Saskatchewan,21,25,23,0
04/18,Saskatchewan,21,25,23,0
04/19,Saskatchewan,21,25,23,0
04/20,Saskatchewan,21,25,23,0
04/21,Saskatchewan,21,25,23,0
04/22,Saskatchewan,21,25,23,0
04/23,Saskatchewan,21,25,23,0
04/24,Saskatchewan,26,31,31,0
04/25,Saskatchewan,26,31,31,0
04/26,Saskatchewan,26,31,31,0
04/27,Saskatchewan,26,31,31,0
04/28,Saskatchewan,26,31,31,0
04/29,Saskatchewan,26,31,31,0
04/30,Saskatchewan,26,31,31,0
05/01,Saskatchewan,26,31,31,0
05/02,Saskatchewan,26,31,31,0
05/03,Saskatchewan,26,31,31,0
05/04,Saskatchewan,26,31,31,0
05/05,Saskatchewan,26,31,31,0
05/06,Saskatchewan,26,31,31,0
05/07,Saskatchewan,26,31,31,0
05/08,Saskatchewan,26,31,31,0
05/09,Saskatchewan,26,31,31,0
05/10,Saskatchewan,26,31,31,0
05/11,Saskatchewan,26,31,31,0
05/12,Saskatchewan,26,31,31,0
05/13,Saskatchewan,26,31,31,0
05/14,Saskatchewan,26,31,31,0
05/15,Saskatchewan,26,31,31,0
05/16,Saskatchewan,26,31,31,0
05/17,Saskatchewan,26,31,31,0
05/18,Saskatchewan,26,31,31,0
05/19,Saskatchewan,26,31,31,0
05/20,Saskatchewan,26,31,31,0
05/21,Saskatchewan,26,31,31,0
05/22,Saskatchewan,26,31,31,0
05/23,Saskatchewan,26,31,31,0
05/24,Saskatchewan,26,31,31,0
05/25,Saskatchewan,26,31,31,0
05/26,Saskatchewan,26,31,31,0
05/27,Saskatchewan,26,31,31,0
05/28,Saskatchewan,26,31,31,0
05/29,Saskatchewan,26,31,31,0
05/30,Saskatchewan,26,31,31,0
05/31,Saskatchewan,26,31,31,0
06/01,Saskatchewan,26,31,31,0
06/02,Saskatchewan,26,31,31,0
06/03,Saskatchewan,26,31,31,0
06/04,Saskatchewan,26,31,31,0
06/05,Saskatchewan,26,31,31,0
06/06,Saskatchewan,26,31,31,0
06/07,Saskatchewan,26,31,31,0
06/08,Saskatchewan,26,31,31,0
06/09,Saskatchewan,26,31,31,0
06/10,Saskatchewan,26,31,31,0
06/11,Saskatchewan,26,31,31,0
06/12,Saskatchewan,26,31,31,0
06/13,Saskatchewan,26,31,31,0
06/14,Saskatchewan,26,31,31,0
06/15,Saskatchewan,26,31,31,0
06/16,Saskatchewan,26,31,31,0
06/17,Saskatchewan,26,31,31,0
06/18,Saskatchewan,26,31,31,0
06/19,Saskatchewan,26,31,31,0
06/20,Saskatchewan,26,31,31,0
06/21,Saskatchewan,26,31,31,0
06/22,Saskatchewan,26,31,31,0
06/23,Saskatchewan,26,31,31,0
06/24,Saskatchewan,26,31,31,0
06/25,Saskatchewan,26,31,31,0
06/26,Saskatchewan,26,31,31,0
06/27,Saskatchewan,26,31,31,0
06/28,Saskatchewan,26,31,31,0
06/29,Saskatchewan,26,31,31,0
06/30,Saskatchewan,26,31,31,0
07/01,Saskatchewan,26,31,31,0
07/02,Saskatchewan,26,31,31,0
07/03,Saskatchewan,26,31,31,0
07/04,Saskatchewan,26,31,31,0
07/05,Saskatchewan,26,31,31,0
07/06,Saskatchewan,26,31,31,0
07/07,Saskatchewan,26,31,31,0
07/08,Saskatchewan,26,31,31,0
07/09,Saskatchewan,26,31,31,0
07/10,Saskatchewan,26,31,31,0
07/11,Saskatchewan,26,31,31,0
07/12,Saskatchewan,26,31,31,0
07/13,Saskatchewan,26,31,31,0
07/14,Saskatchewan,26,31,31,0
07/15,Saskatchewan,26,31,31,0
07/16,Saskatchewan,26,31,31,0
07/17,Saskatchewan,26,31,31,0
07/18,Saskatchewan,26,31,31,0
07/19,Saskatchewan,26,31,31,0
07/20,Saskatchewan,26,31,31,0
07/21,Saskatchewan,26,31,31,0
07/22,Saskatchewan,26,31,31,0
07/23,Saskatchewan,26,31,31,0
07/24,Saskatchewan,26,31,31,0
07/25,Saskatchewan,26,31,31,0
07/26,Saskatchewan,26,31,31,0
07/27,Saskatchewan,26,31,31,0
07/28,Saskatchewan,26,31,31,0
07/29,Saskatchewan,26,31,31,0
07/30,Saskatchewan,26,31,31,0
07/31,Saskatchewan,26,31,31,0
08/01,Saskatchewan,26,31,31,0
08/02,Saskatchewan,26,31,31,0
08/03,Saskatchewan,26,31,31,0
08/04,Saskatchewan,26,31,31,0
08/05,Saskatchewan,26,31,31,0
08/06,Saskatchewan,26,31,31,0
08/07,Saskatchewan,26,31,31,0
08/08,Saskatchewan,26,31,31,0
08/09,Saskatchewan,26,31,31,0
08/10,Saskatchewan,26,31,31,0
08/11,Saskatchewan,26,31,31,0
08/12,Saskatchewan,26,31,31,0
08/13,Saskatchewan,26,31,31,0
08/14,Saskatchewan,26,31,31,0
08/15,Saskatchewan,26,31,31,0
08/16,Saskatchewan,26,31,31,0
08/17,Saskatchewan,26,31,31,0
08/18,Saskatchewan,26,31,31,0
08/19,Saskatchewan,26,31,31,0
08/20,Saskatchewan,26,31,31,0
08/21,Saskatchewan,26,31,31,0
08/22,Saskatchewan,26,31,31,0
08/23,Saskatchewan,26,31,31,0
08/24,Saskatchewan,26,31,31,0
08/25,Saskatchewan,26,31,31,0
08/26,Saskatchewan,26,31,31,0
08/27,Saskatchewan,26,31,31,0
08/28,Saskatchewan,26,31,31,0
08/29,Saskatchewan,26,31,31,0
08/30,Saskatchewan,26,31,31,0
08/31,Saskatchewan,26,31,31,0
09/01,Saskatchewan,26,31,31,0
01/07,New Brunswick,0,0,0,0
01/08,New Brunswick,0,0,0,0
01/09,New Brunswick,0,0,0,0
01/10,New Brunswick,0,0,0,0
01/11,New Brunswick,0,0,0,0
01/12,New Brunswick,0,0,0,0
01/13,New Brunswick,0,0,0,0
01/14,New Brunswick,0,0,0,0
01/15,New Brunswick,0,0,0,0
01/16,New Brunswick,0,0,0,0
01/17,New Brunswick,0,0,0,0
01/18,New Brunswick,0,0,0,0
01/19,New Brunswick,0,0,0,0
01/20,New Brunswick,0,0,0,0
01/21,New Brunswick,0,0,0,0
01/22,New Brunswick,0,0,0,0
01/23,New Brunswick,0,0,0,0
01/24,New Brunswick,0,0,0,0
01/25,New Brunswick,0,0,0,0
01/26,New Brunswick,0,0,0,0
01/27,New Brunswick,0,0,0,0
01/28,New Brunswick,0,0,0,0
01/29,New Brunswick,0,0,0,0
01/30,New Brunswick,0,0,0,0
01/31,New Brunswick,0,0,0,0
02/01,New Brunswick,0,0,0,0
02/02,New Brunswick,0,0,0,0
02/03,New Brunswick,0,0,0,0
02/04,New Brunswick,0,0,0,0
02/05,New Brunswick,0,0,0,0
02/06,New Brunswick,0,0,0,0
02/07,New Brunswick,0,0,0,0
02/08,New Brunswick,0,0,0,0
02/09,New Brunswick,0,0,0,0
02/10,New Brunswick,0,0,0,0
02/11,New Brunswick,0,0,0,0
02/12,New Brunswick,0,0,0,0
02/13,New Brunswick,0,0,0,0
02/14,New Brunswick,0,0,0,0
02/15,New Brunswick,0,0,0,0
02/16,New Brunswick,0,0,0,0
02/17,New Brunswick,0,0,0,0
02/18,New Brunswick,0,0,0,0
02/19,New Brunswick,0,0,0,0
02/20,New Brunswick,0,0,0,0
02/21,New Brunswick,0,0,0,0
02/22,New Brunswick,0,0,0,0
02/23,New Brunswick,0,0,0,0
02/24,New Brunswick,0,0,0,0
02/25,New Brunswick,0,0,0,0
02/26,New Brunswick,0,0,0,0
02/27,New Brunswick,0,0,0,0
02/28,New Brunswick,0,0,0,0
02/29,New Brunswick,0,0,0,0
03/01,New Brunswick,0,0,0,0
03/02,New Brunswick,0,0,0,0
03/03,New Brunswick,0,0,0,0
03/04,New Brunswick,0,0,0,0
03/05,New Brunswick,0,0,0,0
03/06,New Brunswick,0,0,0,0
03/07,New Brunswick,0,0,0,0
03/08,New Brunswick,0,0,0,0
03/09,New Brunswick,0,0,0,0
03/10,New Brunswick,0,0,0,0
03/11,New Brunswick,0,0,0,0
03/12,New Brunswick,0,0,0,0
03/13,New Brunswick,3,4,5,0
03/14,New Brunswick,3,4,5,0
03/15,New Brunswick,3,4,5,0
03/16,New Brunswick,10,12,14,0
03/17,New Brunswick,23,28,34,0
03/18,New Brunswick,23,28,34,0
03/19,New Brunswick,23,28,34,0
03/20,New Brunswick,23,28,34,0
03/21,New Brunswick,29,34,42,0
03/22,New Brunswick,29,34,42,0
03/23,New Brunswick,29,34,42,0
03/24,New Brunswick,29,34,42,0
03/25,New Brunswick,29,34,42,0
03/26,New Brunswick,29,34,42,0
03/27,New Brunswick,29,34,42,0
03/28,New Brunswick,29,34,42,0
03/29,New Brunswick,29,34,42,0
03/30,New Brunswick,32,37,42,0
03/31,New Brunswick,32,37,42,0
04/01,New Brunswick,32,37,42,0
04/02,New Brunswick,32,37,42,0
04/03,New Brunswick,32,37,42,0
04/04,New Brunswick,32,37,42,0
04/05,New Brunswick,32,37,42,0
04/06,New Brunswick,32,37,42,0
04/07,New Brunswick,32,37,42,0
04/08,New Brunswick,32,37,42,0
04/09,New Brunswick,32,37,42,0
04/10,New Brunswick,32,37,42,0
04/11,New Brunswick,32,37,42,0
04/12,New Brunswick,32,37,42,0
04/13,New Brunswick,34,40,42,0
04/14,New Brunswick,34,40,42,0
04/15,New Brunswick,34,40,42,0
04/16,New Brunswick,34,40,42,0
04/17,New Brunswick,34,40,42,0
04/18,New Brunswick,34,40,42,0
04/19,New Brunswick,34,40,42,0
04/20,New Brunswick,34,40,42,0
04/21,New Brunswick,34,40,42,0
04/22,New Brunswick,34,40,42,0
04/23,New Brunswick,34,40,42,0
04/24,New Brunswick,34,40,42,0
04/25,New Brunswick,34,40,42,0
04/26,New Brunswick,34,40,42,0
04/27,New Brunswick,34,40,42,0
04/28,New Brunswick,38,45,48,0
04/29,New Brunswick,38,45,48,0
04/30,New Brunswick,38,45,48,0
05/01,New Brunswick,38,45,48,0
05/02,New Brunswick,38,45,48,0
05/03,New Brunswick,38,45,48,0
05/04,New Brunswick,38,45,48,0
05/05,New Brunswick,38,45,48,0
05/06,New Brunswick,38,45,48,0
05/07,New Brunswick,38,45,48,0
05/08,New Brunswick,38,45,48,0
05/09,New Brunswick,38,45,48,0
05/10,New Brunswick,38,45,48,0
05/11,New Brunswick,45,53,57,0
05/12,New Brunswick,45,53,57,0
05/13,New Brunswick,45,53,57,0
05/14,New Brunswick,45,53,57,0
05/15,New Brunswick,45,53,57,0
05/16,New Brunswick,45,53,57,0
05/17,New Brunswick,45,53,57,0
05/18,New Brunswick,45,53,57,0
05/19,New Brunswick,45,53,57,0
05/20,New Brunswick,49,53,57,25
05/21,New Brunswick,49,53,57,25
05/22,New Brunswick,50,54,59,25
05/23,New Brunswick,50,54,59,25
05/24,New Brunswick,50,54,59,25
05/25,New Brunswick,50,54,59,25
05/26,New Brunswick,50,54,59,25
05/27,New Brunswick,50,54,59,25
05/28,New Brunswick,53,59,64,25
05/29,New Brunswick,53,59,64,25
05/30,New Brunswick,53,59,64,25
05/31,New Brunswick,53,59,64,25
06/01,New Brunswick,53,59,64,25
06/02,New Brunswick,53,59,64,25
06/03,New Brunswick,53,59,64,25
06/04,New Brunswick,53,59,64,25
06/05,New Brunswick,53,59,64,25
06/06,New Brunswick,53,59,64,25
06/07,New Brunswick,53,59,64,25
06/08,New Brunswick,53,59,64,25
06/09,New Brunswick,53,59,64,25
06/10,New Brunswick,53,59,64,25
06/11,New Brunswick,53,59,64,25
06/12,New Brunswick,53,59,64,25
06/13,New Brunswick,53,59,64,25
06/14,New Brunswick,53,59,64,25
06/15,New Brunswick,53,59,64,25
06/16,New Brunswick,53,59,64,25
06/17,New Brunswick,53,59,64,25
06/18,New Brunswick,53,59,64,25
06/19,New Brunswick,53,59,64,25
06/20,New Brunswick,53,59,64,25
06/21,New Brunswick,53,59,64,25
06/22,New Brunswick,53,59,64,25
06/23,New Brunswick,53,59,64,25
06/24,New Brunswick,53,59,64,25
06/25,New Brunswick,53,59,64,25
06/26,New Brunswick,53,59,64,25
06/27,New Brunswick,53,59,64,25
06/28,New Brunswick,53,59,64,25
06/29,New Brunswick,53,59,64,25
06/30,New Brunswick,53,59,64,25
07/01,New Brunswick,53,59,64,25
07/02,New Brunswick,53,59,64,25
07/03,New Brunswick,53,59,64,25
07/04,New Brunswick,53,59,64,25
07/05,New Brunswick,53,59,64,25
07/06,New Brunswick,53,59,64,25
07/07,New Brunswick,53,59,64,25
07/08,New Brunswick,53,59,64,25
07/09,New Brunswick,53,59,64,25
07/10,New Brunswick,53,59,64,25
07/11,New Brunswick,53,59,64,25
07/12,New Brunswick,53,59,64,25
07/13,New Brunswick,53,59,64,25
07/14,New Brunswick,53,59,64,25
07/15,New Brunswick,53,59,64,25
07/16,New Brunswick,53,59,64,25
07/17,New Brunswick,53,59,64,25
07/18,New Brunswick,53,59,64,25
07/19,New Brunswick,53,59,64,25
07/20,New Brunswick,53,59,64,25
07/21,New Brunswick,53,59,64,25
07/22,New Brunswick,53,59,64,25
07/23,New Brunswick,53,59,64,25
07/24,New Brunswick,53,59,64,25
07/25,New Brunswick,53,59,64,25
07/26,New Brunswick,53,59,64,25
07/27,New Brunswick,53,59,64,25
07/28,New Brunswick,53,59,64,25
07/29,New Brunswick,53,59,64,25
07/30,New Brunswick,53,59,64,25
07/31,New Brunswick,53,59,64,25
08/01,New Brunswick,53,59,64,25
08/02,New Brunswick,53,59,64,25
08/03,New Brunswick,53,59,64,25
08/04,New Brunswick,53,59,64,25
08/05,New Brunswick,53,59,64,25
08/06,New Brunswick,53,59,64,25
08/07,New Brunswick,53,59,64,25
08/08,New Brunswick,53,59,64,25
08/09,New Brunswick,53,59,64,25
08/10,New Brunswick,53,59,64,25
08/11,New Brunswick,53,59,64,25
08/12,New Brunswick,53,59,64,25
08/13,New Brunswick,53,59,64,25
08/14,New Brunswick,53,59,64,25
08/15,New Brunswick,53,59,64,25
08/16,New Brunswick,53,59,64,25
08/17,New Brunswick,53,59,64,25
08/18,New Brunswick,53,59,64,25
08/19,New Brunswick,53,59,64,25
08/20,New Brunswick,53,59,64,25
08/21,New Brunswick,53,59,64,25
08/22,New Brunswick,53,59,64,25
08/23,New Brunswick,53,59,64,25
08/24,New Brunswick,53,59,64,25
08/25,New Brunswick,53,59,64,25
08/26,New Brunswick,53,59,64,25
08/27,New Brunswick,53,59,64,25
08/28,New Brunswick,53,59,64,25
08/29,New Brunswick,53,59,64,25
08/30,New Brunswick,53,59,64,25
08/31,New Brunswick,53,59,64,25
09/01,New Brunswick,53,59,64,25
01/07,Nova Scotia,0,0,0,0
01/08,Nova Scotia,0,0,0,0
01/09,Nova Scotia,0,0,0,0
01/10,Nova Scotia,0,0,0,0
01/11,Nova Scotia,0,0,0,0
01/12,Nova Scotia,0,0,0,0
01/13,Nova Scotia,0,0,0,0
01/14,Nova Scotia,0,0,0,0
01/15,Nova Scotia,0,0,0,0
01/16,Nova Scotia,0,0,0,0
01/17,Nova Scotia,0,0,0,0
01/18,Nova Scotia,0,0,0,0
01/19,Nova Scotia,0,0,0,0
01/20,Nova Scotia,0,0,0,0
01/21,Nova Scotia,0,0,0,0
01/22,Nova Scotia,0,0,0,0
01/23,Nova Scotia,0,0,0,0
01/24,Nova Scotia,0,0,0,0
01/25,Nova Scotia,0,0,0,0
01/26,Nova Scotia,0,0,0,0
01/27,Nova Scotia,0,0,0,0
01/28,Nova Scotia,0,0,0,0
01/29,Nova Scotia,0,0,0,0
01/30,Nova Scotia,0,0,0,0
01/31,Nova Scotia,0,0,0,0
02/01,Nova Scotia,0,0,0,0
02/02,Nova Scotia,0,0,0,0
02/03,Nova Scotia,0,0,0,0
02/04,Nova Scotia,0,0,0,0
02/05,Nova Scotia,0,0,0,0
02/06,Nova Scotia,0,0,0,0
02/07,Nova Scotia,0,0,0,0
02/08,Nova Scotia,0,0,0,0
02/09,Nova Scotia,0,0,0,0
02/10,Nova Scotia,0,0,0,0
02/11,Nova Scotia,0,0,0,0
02/12,Nova Scotia,0,0,0,0
02/13,Nova Scotia,0,0,0,0
02/14,Nova Scotia,0,0,0,0
02/15,Nova Scotia,0,0,0,0
02/16,Nova Scotia,0,0,0,0
02/17,Nova Scotia,0,0,0,0
02/18,Nova Scotia,0,0,0,0
02/19,Nova Scotia,0,0,0,0
02/20,Nova Scotia,0,0,0,0
02/21,Nova Scotia,0,0,0,0
02/22,Nova Scotia,0,0,0,0
02/23,Nova Scotia,0,0,0,0
02/24,Nova Scotia,0,0,0,0
02/25,Nova Scotia,0,0,0,0
02/26,Nova Scotia,0,0,0,0
02/27,Nova Scotia,0,0,0,0
02/28,Nova Scotia,0,0,0,0
02/29,Nova Scotia,0,0,0,0
03/01,Nova Scotia,0,0,0,0
03/02,Nova Scotia,0,0,0,0
03/03,Nova Scotia,0,0,0,0
03/04,Nova Scotia,0,0,0,0
03/05,Nova Scotia,0,0,0,0
03/06,Nova Scotia,0,0,0,0
03/07,Nova Scotia,0,0,0,0
03/08,Nova Scotia,0,0,0,0
03/09,Nova Scotia,0,0,0,0
03/10,Nova Scotia,0,0,0,0
03/11,Nova Scotia,0,0,0,0
03/12,Nova Scotia,0,0,0,0
03/13,Nova Scotia,0,0,0,0
03/14,Nova Scotia,0,0,0,0
03/15,Nova Scotia,5,6,7,0
03/16,Nova Scotia,7,8,10,0
03/17,Nova Scotia,12,14,17,0
03/18,Nova Scotia,12,14,17,0
03/19,Nova Scotia,12,14,17,0
03/20,Nova Scotia,12,14,17,0
03/21,Nova Scotia,12,14,17,0
03/22,Nova Scotia,12,14,17,0
03/23,Nova Scotia,12,14,17,0
03/24,Nova Scotia,12,14,17,0
03/25,Nova Scotia,12,14,17,0
03/26,Nova Scotia,14,17,17,0
03/27,Nova Scotia,14,17,17,0
03/28,Nova Scotia,14,17,17,0
03/29,Nova Scotia,14,17,17,0
03/30,Nova Scotia,14,17,17,0
03/31,Nova Scotia,14,17,17,0
04/01,Nova Scotia,14,17,17,0
04/02,Nova Scotia,14,17,17,0
04/03,Nova Scotia,14,17,17,0
04/04,Nova Scotia,14,17,17,0
04/05,Nova Scotia,14,17,17,0
04/06,Nova Scotia,14,17,17,0
04/07,Nova Scotia,14,17,17,0
04/08,Nova Scotia,14,17,17,0
04/09,Nova Scotia,14,17,17,0
04/10,Nova Scotia,14,17,17,0
04/11,Nova Scotia,14,17,17,0
04/12,Nova Scotia,14,17,17,0
04/13,Nova Scotia,14,17,17,0
04/14,Nova Scotia,14,17,17,0
04/15,Nova Scotia,14,17,17,0
04/16,Nova Scotia,14,17,17,0
04/17,Nova Scotia,14,17,17,0
04/18,Nova Scotia,14,17,17,0
04/19,Nova Scotia,14,17,17,0
04/20,Nova Scotia,14,17,17,0
04/21,Nova Scotia,14,17,17,0
04/22,Nova Scotia,14,17,17,0
04/23,Nova Scotia,14,17,17,0
04/24,Nova Scotia,14,17,17,0
04/25,Nova Scotia,18,21,23,0
04/26,Nova Scotia,18,21,23,0
04/27,Nova Scotia,18,21,23,0
04/28,Nova Scotia,18,21,23,0
04/29,Nova Scotia,18,21,23,0
04/30,Nova Scotia,18,21,23,0
05/01,Nova Scotia,18,21,23,0
05/02,Nova Scotia,18,21,23,0
05/03,Nova Scotia,18,21,23,0
05/04,Nova Scotia,18,21,23,0
05/05,Nova Scotia,18,21,23,0
05/06,Nova Scotia,18,21,23,0
05/07,Nova Scotia,18,21,23,0
05/08,Nova Scotia,21,25,26,0
05/09,Nova Scotia,21,25,26,0
05/10,Nova Scotia,21,25,26,0
05/11,Nova Scotia,21,25,26,0
05/12,Nova Scotia,21,25,26,0
05/13,Nova Scotia,21,25,26,0
05/14,Nova Scotia,21,25,26,0
05/15,Nova Scotia,21,25,26,0
05/16,Nova Scotia,21,25,26,0
05/17,Nova Scotia,21,25,26,0
05/18,Nova Scotia,21,25,26,0
05/19,Nova Scotia,21,25,26,0
05/20,Nova Scotia,21,25,26,0
05/21,Nova Scotia,21,25,26,0
05/22,Nova Scotia,23,28,26,0
05/23,Nova Scotia,23,28,26,0
05/24,Nova Scotia,23,28,26,0
05/25,Nova Scotia,23,28,26,0
05/26,Nova Scotia,23,28,26,0
05/27,Nova Scotia,23,28,26,0
05/28,Nova Scotia,23,28,26,0
05/29,Nova Scotia,23,28,26,0
05/30,Nova Scotia,23,28,26,0
05/31,Nova Scotia,23,28,26,0
06/01,Nova Scotia,23,28,26,0
06/02,Nova Scotia,23,28,26,0
06/03,Nova Scotia,23,28,26,0
06/04,Nova Scotia,23,28,26,0
06/05,Nova Scotia,23,28,26,0
06/06,Nova Scotia,23,28,26,0
06/07,Nova Scotia,23,28,26,0
06/08,Nova Scotia,23,28,26,0
06/09,Nova Scotia,23,28,26,0
06/10,Nova Scotia,23,28,26,0
06/11,Nova Scotia,23,28,26,0
06/12,Nova Scotia,23,28,26,0
06/13,Nova Scotia,23,28,26,0
06/14,Nova Scotia,23,28,26,0
06/15,Nova Scotia,23,28,26,0
06/16,Nova Scotia,23,28,26,0
06/17,Nova Scotia,23,28,26,0
06/18,Nova Scotia,23,28,26,0
06/19,Nova Scotia,23,28,26,0
06/20,Nova Scotia,23,28,26,0
06/21,Nova Scotia,23,28,26,0
06/22,Nova Scotia,23,28,26,0
06/23,Nova Scotia,23,28,26,0
06/24,Nova Scotia,23,28,26,0
06/25,Nova Scotia,23,28,26,0
06/26,Nova Scotia,23,28,26,0
06/27,Nova Scotia,23,28,26,0
06/28,Nova Scotia,23,28,26,0
06/29,Nova Scotia,23,28,26,0
06/30,Nova Scotia,23,28,26,0
07/01,Nova Scotia,23,28,26,0
07/02,Nova Scotia,23,28,26,0
07/03,Nova Scotia,23,28,26,0
07/04,Nova Scotia,23,28,26,0
07/05,Nova Scotia,23,28,26,0
07/06,Nova Scotia,23,28,26,0
07/07,Nova Scotia,23,28,26,0
07/08,Nova Scotia,25,30,29,0
07/09,Nova Scotia,25,30,29,0
07/10,Nova Scotia,25,30,29,0
07/11,Nova Scotia,25,30,29,0
07/12,Nova Scotia,25,30,29,0
07/13,Nova Scotia,25,30,29,0
07/14,Nova Scotia,25,30,29,0
07/15,Nova Scotia,25,30,29,0
07/16,Nova Scotia,25,30,29,0
07/17,Nova Scotia,25,30,29,0
07/18,Nova Scotia,25,30,29,0
07/19,Nova Scotia,25,30,29,0
07/20,Nova Scotia,25,30,29,0
07/21,Nova Scotia,25,30,29,0
07/22,Nova Scotia,25,30,29,0
07/23,Nova Scotia,25,30,29,0
07/24,Nova Scotia,25,30,29,0
07/25,Nova Scotia,25,30,29,0
07/26,Nova Scotia,25,30,29,0
07/27,Nova Scotia,25,30,29,0
07/28,Nova Scotia,25,30,29,0
07/29,Nova Scotia,25,30,29,0
07/30,Nova Scotia,25,30,29,0
07/31,Nova Scotia,25,30,29,0
08/01,Nova Scotia,25,30,29,0
08/02,Nova Scotia,25,30,29,0
08/03,Nova Scotia,25,30,29,0
08/04,Nova Scotia,25,30,29,0
08/05,Nova Scotia,25,30,29,0
08/06,Nova Scotia,25,30,29,0
08/07,Nova Scotia,25,30,29,0
08/08,Nova Scotia,25,30,29,0
08/09,Nova Scotia,25,30,29,0
08/10,Nova Scotia,25,30,29,0
08/11,Nova Scotia,25,30,29,0
08/12,Nova Scotia,25,30,29,0
08/13,Nova Scotia,25,30,29,0
08/14,Nova Scotia,25,30,29,0
08/15,Nova Scotia,25,30,29,0
08/16,Nova Scotia,25,30,29,0
08/17,Nova Scotia,25,30,29,0
08/18,Nova Scotia,25,30,29,0
08/19,Nova Scotia,25,30,29,0
08/20,Nova Scotia,25,30,29,0
08/21,Nova Scotia,25,30,29,0
08/22,Nova Scotia,25,30,29,0
08/23,Nova Scotia,25,30,29,0
08/24,Nova Scotia,25,30,29,0
08/25,Nova Scotia,25,30,29,0
08/26,Nova Scotia,25,30,29,0
08/27,Nova Scotia,25,30,29,0
08/28,Nova Scotia,25,30,29,0
08/29,Nova Scotia,25,30,29,0
08/30,Nova Scotia,25,30,29,0
08/31,Nova Scotia,25,30,29,0
09/01,Nova Scotia,25,30,29,0
01/07,Manitoba,0,0,0,0
01/08,Manitoba,0,0,0,0
01/09,Manitoba,0,0,0,0
01/10,Manitoba,0,0,0,0
01/11,Manitoba,0,0,0,0
01/12,Manitoba,0,0,0,0
01/13,Manitoba,0,0,0,0
01/14,Manitoba,0,0,0,0
01/15,Manitoba,0,0,0,0
01/16,Manitoba,0,0,0,0
01/17,Manitoba,0,0,0,0
01/18,Manitoba,0,0,0,0
01/19,Manitoba,0,0,0,0
01/20,Manitoba,0,0,0,0
01/21,Manitoba,0,0,0,0
01/22,Manitoba,0,0,0,0
01/23,Manitoba,0,0,0,0
01/24,Manitoba,0,0,0,0
01/25,Manitoba,0,0,0,0
01/26,Manitoba,0,0,0,0
01/27,Manitoba,0,0,0,0
01/28,Manitoba,0,0,0,0
01/29,Manitoba,0,0,0,0
01/30,Manitoba,0,0,0,0
01/31,Manitoba,0,0,0,0
02/01,Manitoba,0,0,0,0
02/02,Manitoba,0,0,0,0
02/03,Manitoba,0,0,0,0
02/04,Manitoba,0,0,0,0
02/05,Manitoba,0,0,0,0
02/06,Manitoba,0,0,0,0
02/07,Manitoba,0,0,0,0
02/08,Manitoba,0,0,0,0
02/09,Manitoba,0,0,0,0
02/10,Manitoba,0,0,0,0
02/11,Manitoba,0,0,0,0
02/12,Manitoba,0,0,0,0
02/13,Manitoba,0,0,0,0
02/14,Manitoba,0,0,0,0
02/15,Manitoba,0,0,0,0
02/16,Manitoba,0,0,0,0
02/17,Manitoba,0,0,0,0
02/18,Manitoba,0,0,0,0
02/19,Manitoba,0,0,0,0
02/20,Manitoba,0,0,0,0
02/21,Manitoba,0,0,0,0
02/22,Manitoba,0,0,0,0
02/23,Manitoba,0,0,0,0
02/24,Manitoba,0,0,0,0
02/25,Manitoba,0,0,0,0
02/26,Manitoba,0,0,0,0
02/27,Manitoba,0,0,0,0
02/28,Manitoba,3,4,5,0
02/29,Manitoba,3,4,5,0
03/01,Manitoba,3,4,5,0
03/02,Manitoba,3,4,5,0
03/03,Manitoba,3,4,5,0
03/04,Manitoba,3,4,5,0
03/05,Manitoba,3,4,5,0
03/06,Manitoba,3,4,5,0
03/07,Manitoba,3,4,5,0
03/08,Manitoba,3,4,5,0
03/09,Manitoba,3,4,5,0
03/10,Manitoba,3,4,5,0
03/11,Manitoba,3,4,5,0
03/12,Manitoba,3,4,5,0
03/13,Manitoba,8,10,12,0
03/14,Manitoba,8,10,12,0
03/15,Manitoba,8,10,12,0
03/16,Manitoba,8,10,12,0
03/17,Manitoba,14,16,20,0
03/18,Manitoba,14,16,20,0
03/19,Manitoba,14,16,20,0
03/20,Manitoba,19,23,28,0
03/21,Manitoba,19,23,28,0
03/22,Manitoba,19,23,28,0
03/23,Manitoba,19,23,28,0
03/24,Manitoba,19,23,28,0
03/25,Manitoba,19,23,28,0
03/26,Manitoba,19,23,28,0
03/27,Manitoba,19,23,28,0
03/28,Manitoba,19,23,28,0
03/29,Manitoba,19,23,28,0
03/30,Manitoba,22,26,32,0
03/31,Manitoba,22,26,32,0
04/01,Manitoba,22,26,32,0
04/02,Manitoba,22,26,32,0
04/03,Manitoba,22,26,32,0
04/04,Manitoba,22,26,32,0
04/05,Manitoba,26,31,37,0
04/06,Manitoba,26,31,37,0
04/07,Manitoba,26,31,37,0
04/08,Manitoba,26,31,37,0
04/09,Manitoba,26,31,37,0
04/10,Manitoba,26,31,37,0
04/11,Manitoba,26,31,37,0
04/12,Manitoba,26,31,37,0
04/13,Manitoba,26,31,37,0
04/14,Manitoba,26,31,37,0
04/15,Manitoba,26,31,37,0
04/16,Manitoba,32,38,43,0
04/17,Manitoba,32,38,43,0
04/18,Manitoba,32,38,43,0
04/19,Manitoba,32,38,43,0
04/20,Manitoba,32,38,43,0
04/21,Manitoba,32,38,43,0
04/22,Manitoba,32,38,43,0
04/23,Manitoba,32,38,43,0
04/24,Manitoba,32,38,43,0
04/25,Manitoba,32,38,43,0
04/26,Manitoba,32,38,43,0
04/27,Manitoba,32,38,43,0
04/28,Manitoba,32,38,43,0
04/29,Manitoba,32,38,43,0
04/30,Manitoba,32,38,43,0
05/01,Manitoba,32,38,43,0
05/02,Manitoba,32,38,43,0
05/03,Manitoba,32,38,43,0
05/04,Manitoba,32,38,43,0
05/05,Manitoba,32,38,43,0
05/06,Manitoba,32,38,43,0
05/07,Manitoba,32,38,43,0
05/08,Manitoba,32,38,43,0
05/09,Manitoba,32,38,43,0
05/10,Manitoba,32,38,43,0
05/11,Manitoba,32,38,43,0
05/12,Manitoba,32,38,43,0
05/13,Manitoba,32,38,43,0
05/14,Manitoba,32,38,43,0
05/15,Manitoba,32,38,43,0
05/16,Manitoba,32,38,43,0
05/17,Manitoba,32,38,43,0
05/18,Manitoba,32,38,43,0
05/19,Manitoba,32,38,43,0
05/20,Manitoba,32,38,43,0
05/21,Manitoba,32,38,43,0
05/22,Manitoba,32,38,43,0
05/23,Manitoba,32,38,43,0
05/24,Manitoba,32,38,43,0
05/25,Manitoba,32,38,43,0
05/26,Manitoba,32,38,43,0
05/27,Manitoba,32,38,43,0
05/28,Manitoba,32,38,43,0
05/29,Manitoba,32,38,43,0
05/30,Manitoba,32,38,43,0
05/31,Manitoba,32,38,43,0
06/01,Manitoba,30,35,39,0
06/02,Manitoba,30,35,39,0
06/03,Manitoba,30,35,39,0
06/04,Manitoba,30,35,39,0
06/05,Manitoba,30,35,39,0
06/06,Manitoba,30,35,39,0
06/07,Manitoba,30,35,39,0
06/08,Manitoba,30,35,39,0
06/09,Manitoba,30,35,39,0
06/10,Manitoba,30,35,39,0
06/11,Manitoba,30,35,39,0
06/12,Manitoba,30,35,39,0
06/13,Manitoba,30,35,39,0
06/14,Manitoba,30,35,39,0
06/15,Manitoba,30,35,39,0
06/16,Manitoba,30,35,39,0
06/17,Manitoba,30,35,39,0
06/18,Manitoba,30,35,39,0
06/19,Manitoba,30,35,39,0
06/20,Manitoba,30,35,39,0
06/21,Manitoba,30,35,39,0
06/22,Manitoba,30,35,39,0
06/23,Manitoba,30,35,39,0
06/24,Manitoba,30,35,39,0
06/25,Manitoba,25,29,32,0
06/26,Manitoba,25,29,32,0
06/27,Manitoba,25,29,32,0
06/28,Manitoba,25,29,32,0
06/29,Manitoba,25,29,32,0
06/30,Manitoba,25,29,32,0
07/01,Manitoba,25,29,32,0
07/02,Manitoba,25,29,32,0
07/03,Manitoba,25,29,32,0
07/04,Manitoba,25,29,32,0
07/05,Manitoba,25,29,32,0
07/06,Manitoba,25,29,32,0
07/07,Manitoba,25,29,32,0
07/08,Manitoba,25,29,32,0
07/09,Manitoba,25,29,32,0
07/10,Manitoba,25,29,32,0
07/11,Manitoba,25,29,32,0
07/12,Manitoba,25,29,32,0
07/13,Manitoba,25,29,32,0
07/14,Manitoba,25,29,32,0
07/15,Manitoba,25,29,32,0
07/16,Manitoba,25,29,32,0
07/17,Manitoba,25,29,32,0
07/18,Manitoba,25,29,32,0
07/19,Manitoba,25,29,32,0
07/20,Manitoba,25,29,32,0
07/21,Manitoba,25,29,32,0
07/22,Manitoba,25,29,32,0
07/23,Manitoba,25,29,32,0
07/24,Manitoba,25,29,32,0
07/25,Manitoba,25,29,32,0
07/26,Manitoba,25,29,32,0
07/27,Manitoba,25,29,32,0
07/28,Manitoba,25,29,32,0
07/29,Manitoba,25,29,32,0
07/30,Manitoba,25,29,32,0
07/31,Manitoba,25,29,32,0
08/01,Manitoba,25,29,32,0
08/02,Manitoba,25,29,32,0
08/03,Manitoba,25,29,32,0
08/04,Manitoba,25,29,32,0
08/05,Manitoba,25,29,32,0
08/06,Manitoba,25,29,32,0
08/07,Manitoba,25,29,32,0
08/08,Manitoba,25,29,32,0
08/09,Manitoba,25,29,32,0
08/10,Manitoba,25,29,32,0
08/11,Manitoba,25,29,32,0
08/12,Manitoba,25,29,32,0
08/13,Manitoba,25,29,32,0
08/14,Manitoba,25,29,32,0
08/15,Manitoba,25,29,32,0
08/16,Manitoba,25,29,32,0
08/17,Manitoba,25,29,32,0
08/18,Manitoba,25,29,32,0
08/19,Manitoba,25,29,32,0
08/20,Manitoba,25,29,32,0
08/21,Manitoba,25,29,32,0
08/22,Manitoba,25,29,32,0
08/23,Manitoba,25,29,32,0
08/24,Manitoba,25,29,32,0
08/25,Manitoba,25,29,32,0
08/26,Manitoba,25,29,32,0
08/27,Manitoba,25,29,32,0
08/28,Manitoba,25,29,32,0
08/29,Manitoba,25,29,32,0
08/30,Manitoba,25,29,32,0
08/31,Manitoba,25,29,32,0
09/01,Manitoba,25,29,32,0
01/07,Alberta,0,0,0,0
01/08,Alberta,0,0,0,0
01/09,Alberta,0,0,0,0
01/10,Alberta,0,0,0,0
01/11,Alberta,0,0,0,0
01/12,Alberta,0,0,0,0
01/13,Alberta,0,0,0,0
01/14,Alberta,0,0,0,0
01/15,Alberta,0,0,0,0
01/16,Alberta,0,0,0,0
01/17,Alberta,0,0,0,0
01/18,Alberta,0,0,0,0
01/19,Alberta,0,0,0,0
01/20,Alberta,0,0,0,0
01/21,Alberta,0,0,0,0
01/22,Alberta,0,0,0,0
01/23,Alberta,0,0,0,0
01/24,Alberta,0,0,0,0
01/25,Alberta,0,0,0,0
01/26,Alberta,0,0,0,0
01/27,Alberta,0,0,0,0
01/28,Alberta,0,0,0,0
01/29,Alberta,0,0,0,0
01/30,Alberta,0,0,0,0
01/31,Alberta,0,0,0,0
02/01,Alberta,0,0,0,0
02/02,Alberta,0,0,0,0
02/03,Alberta,0,0,0,0
02/04,Alberta,0,0,0,0
02/05,Alberta,0,0,0,0
02/06,Alberta,0,0,0,0
02/07,Alberta,0,0,0,0
02/08,Alberta,0,0,0,0
02/09,Alberta,0,0,0,0
02/10,Alberta,0,0,0,0
02/11,Alberta,0,0,0,0
02/12,Alberta,0,0,0,0
02/13,Alberta,0,0,0,0
02/14,Alberta,0,0,0,0
02/15,Alberta,0,0,0,0
02/16,Alberta,0,0,0,0
02/17,Alberta,0,0,0,0
02/18,Alberta,0,0,0,0
02/19,Alberta,0,0,0,0
02/20,Alberta,0,0,0,0
02/21,Alberta,0,0,0,0
02/22,Alberta,0,0,0,0
02/23,Alberta,0,0,0,0
02/24,Alberta,0,0,0,0
02/25,Alberta,0,0,0,0
02/26,Alberta,0,0,0,0
02/27,Alberta,0,0,0,0
02/28,Alberta,0,0,0,0
02/29,Alberta,0,0,0,0
03/01,Alberta,0,0,0,0
03/02,Alberta,0,0,0,0
03/03,Alberta,0,0,0,0
03/04,Alberta,0,0,0,0
03/05,Alberta,0,0,0,0
03/06,Alberta,0,0,0,0
03/07,Alberta,0,0,0,0
03/08,Alberta,0,0,0,0
03/09,Alberta,0,0,0,0
03/10,Alberta,0,0,0,0
03/11,Alberta,0,0,0,0
03/12,Alberta,0,0,0,0
03/13,Alberta,0,0,0,0
03/14,Alberta,0,0,0,0
03/15,Alberta,3,4,0,0
03/16,Alberta,8,10,7,0
03/17,Alberta,14,17,15,0
03/18,Alberta,14,17,15,0
03/19,Alberta,14,17,15,0
03/20,Alberta,14,17,15,0
03/21,Alberta,18,21,21,0
03/22,Alberta,18,21,21,0
03/23,Alberta,21,25,21,0
03/24,Alberta,21,25,21,0
03/25,Alberta,21,25,21,0
03/26,Alberta,21,25,21,0
03/27,Alberta,25,29,26,0
03/28,Alberta,25,29,26,0
03/29,Alberta,25,29,26,0
03/30,Alberta,25,29,26,0
03/31,Alberta,25,29,26,0
04/01,Alberta,25,29,26,0
04/02,Alberta,25,29,26,0
04/03,Alberta,25,29,26,0
04/04,Alberta,25,29,26,0
04/05,Alberta,25,29,26,0
04/06,Alberta,25,29,26,0
04/07,Alberta,25,29,26,0
04/08,Alberta,25,29,26,0
04/09,Alberta,25,29,26,0
04/10,Alberta,25,29,26,0
04/11,Alberta,25,29,26,0
04/12,Alberta,25,29,26,0
04/13,Alberta,27,32,26,0
04/14,Alberta,27,32,26,0
04/15,Alberta,27,32,26,0
04/16,Alberta,27,32,26,0
04/17,Alberta,30,35,26,0
04/18,Alberta,30,35,26,0
04/19,Alberta,30,35,26,0
04/20,Alberta,30,35,26,0
04/21,Alberta,30,35,26,0
04/22,Alberta,30,35,26,0
04/23,Alberta,30,35,26,0
04/24,Alberta,30,35,26,0
04/25,Alberta,30,35,26,0
04/26,Alberta,30,35,26,0
04/27,Alberta,30,35,26,0
04/28,Alberta,30,35,26,0
04/29,Alberta,30,35,26,0
04/30,Alberta,30,35,26,0
05/01,Alberta,30,35,26,0
05/02,Alberta,30,35,26,0
05/03,Alberta,30,35,26,0
05/04,Alberta,30,35,26,0
05/05,Alberta,30,35,26,0
05/06,Alberta,30,35,26,0
05/07,Alberta,30,35,26,0
05/08,Alberta,30,35,26,0
05/09,Alberta,30,35,26,0
05/10,Alberta,30,35,26,0
05/11,Alberta,30,35,26,0
05/12,Alberta,30,35,26,0
05/13,Alberta,30,35,26,0
05/14,Alberta,30,35,26,0
05/15,Alberta,30,35,26,0
05/16,Alberta,30,35,26,0
05/17,Alberta,30,35,26,0
05/18,Alberta,30,35,26,0
05/19,Alberta,30,35,26,0
05/20,Alberta,30,35,26,0
05/21,Alberta,30,35,26,0
05/22,Alberta,30,35,26,0
05/23,Alberta,30,35,26,0
05/24,Alberta,30,35,26,0
05/25,Alberta,30,35,26,0
05/26,Alberta,30,35,26,0
05/27,Alberta,30,35,26,0
05/28,Alberta,30,35,26,0
05/29,Alberta,30,35,26,0
05/30,Alberta,30,35,26,0
05/31,Alberta,30,35,26,0
06/01,Alberta,30,35,26,0
06/02,Alberta,30,35,26,0
06/03,Alberta,30,35,26,0
06/04,Alberta,30,35,26,0
06/05,Alberta,30,35,26,0
06/06,Alberta,30,35,26,0
06/07,Alberta,30,35,26,0
06/08,Alberta,30,35,26,0
06/09,Alberta,30,35,26,0
06/10,Alberta,30,35,26,0
06/11,Alberta,30,35,26,0
06/12,Alberta,30,35,26,0
06/13,Alberta,30,35,26,0
06/14,Alberta,30,35,26,0
06/15,Alberta,30,35,26,0
06/16,Alberta,30,35,26,0
06/17,Alberta,30,35,26,0
06/18,Alberta,30,35,26,0
06/19,Alberta,30,35,26,0
06/20,Alberta,30,35,26,0
06/21,Alberta,30,35,26,0
06/22,Alberta,30,35,26,0
06/23,Alberta,30,35,26,0
06/24,Alberta,30,35,26,0
06/25,Alberta,30,35,26,0
06/26,Alberta,30,35,26,0
06/27,Alberta,30,35,26,0
06/28,Alberta,30,35,26,0
06/29,Alberta,30,35,26,0
06/30,Alberta,30,35,26,0
07/01,Alberta,30,35,26,0
07/02,Alberta,30,35,26,0
07/03,Alberta,30,35,26,0
07/04,Alberta,30,35,26,0
07/05,Alberta,30,35,26,0
07/06,Alberta,30,35,26,0
07/07,Alberta,30,35,26,0
07/08,Alberta,30,35,26,0
07/09,Alberta,30,35,26,0
07/10,Alberta,30,35,26,0
07/11,Alberta,30,35,26,0
07/12,Alberta,30,35,26,0
07/13,Alberta,30,35,26,0
07/14,Alberta,30,35,26,0
07/15,Alberta,30,35,26,0
07/16,Alberta,30,35,26,0
07/17,Alberta,30,35,26,0
07/18,Alberta,30,35,26,0
07/19,Alberta,30,35,26,0
07/20,Alberta,30,35,26,0
07/21,Alberta,30,35,26,0
07/22,Alberta,30,35,26,0
07/23,Alberta,30,35,26,0
07/24,Alberta,30,35,26,0
07/25,Alberta,30,35,26,0
07/26,Alberta,30,35,26,0
07/27,Alberta,30,35,26,0
07/28,Alberta,30,35,26,0
07/29,Alberta,30,35,26,0
07/30,Alberta,30,35,26,0
07/31,Alberta,30,35,26,0
08/01,Alberta,30,35,26,0
08/02,Alberta,30,35,26,0
08/03,Alberta,30,35,26,0
08/04,Alberta,30,35,26,0
08/05,Alberta,30,35,26,0
08/06,Alberta,30,35,26,0
08/07,Alberta,30,35,26,0
08/08,Alberta,30,35,26,0
08/09,Alberta,30,35,26,0
08/10,Alberta,30,35,26,0
08/11,Alberta,30,35,26,0
08/12,Alberta,30,35,26,0
08/13,Alberta,30,35,26,0
08/14,Alberta,30,35,26,0
08/15,Alberta,30,35,26,0
08/16,Alberta,30,35,26,0
08/17,Alberta,30,35,26,0
08/18,Alberta,30,35,26,0
08/19,Alberta,30,35,26,0
08/20,Alberta,30,35,26,0
08/21,Alberta,30,35,26,0
08/22,Alberta,30,35,26,0
08/23,Alberta,30,35,26,0
08/24,Alberta,30,35,26,0
08/25,Alberta,30,35,26,0
08/26,Alberta,30,35,26,0
08/27,Alberta,30,35,26,0
08/28,Alberta,30,35,26,0
08/29,Alberta,30,35,26,0
08/30,Alberta,30,35,26,0
08/31,Alberta,30,35,26,0
09/01,Alberta,30,35,26,0
01/07,Prince Edward Island,0,0,0,0
01/08,Prince Edward Island,0,0,0,0
01/09,Prince Edward Island,0,0,0,0
01/10,Prince Edward Island,0,0,0,0
01/11,Prince Edward Island,0,0,0,0
01/12,Prince Edward Island,0,0,0,0
01/13,Prince Edward Island,0,0,0,0
01/14,Prince Edward Island,0,0,0,0
01/15,Prince Edward Island,0,0,0,0
01/16,Prince Edward Island,0,0,0,0
01/17,Prince Edward Island,0,0,0,0
01/18,Prince Edward Island,0,0,0,0
01/19,Prince Edward Island,0,0,0,0
01/20,Prince Edward Island,0,0,0,0
01/21,Prince Edward Island,0,0,0,0
01/22,Prince Edward Island,0,0,0,0
01/23,Prince Edward Island,0,0,0,0
01/24,Prince Edward Island,0,0,0,0
01/25,Prince Edward Island,0,0,0,0
01/26,Prince Edward Island,0,0,0,0
01/27,Prince Edward Island,0,0,0,0
01/28,Prince Edward Island,0,0,0,0
01/29,Prince Edward Island,0,0,0,0
01/30,Prince Edward Island,0,0,0,0
01/31,Prince Edward Island,0,0,0,0
02/01,Prince Edward Island,0,0,0,0
02/02,Prince Edward Island,0,0,0,0
02/03,Prince Edward Island,0,0,0,0
02/04,Prince Edward Island,0,0,0,0
02/05,Prince Edward Island,0,0,0,0
02/06,Prince Edward Island,0,0,0,0
02/07,Prince Edward Island,0,0,0,0
02/08,Prince Edward Island,0,0,0,0
02/09,Prince Edward Island,0,0,0,0
02/10,Prince Edward Island,0,0,0,0
02/11,Prince Edward Island,0,0,0,0
02/12,Prince Edward Island,0,0,0,0
02/13,Prince Edward Island,0,0,0,0
02/14,Prince Edward Island,0,0,0,0
02/15,Prince Edward Island,0,0,0,0
02/16,Prince Edward Island,0,0,0,0
02/17,Prince Edward Island,0,0,0,0
02/18,Prince Edward Island,0,0,0,0
02/19,Prince Edward Island,0,0,0,0
02/20,Prince Edward Island,0,0,0,0
02/21,Prince Edward Island,0,0,0,0
02/22,Prince Edward Island,0,0,0,0
02/23,Prince Edward Island,0,0,0,0
02/24,Prince Edward Island,0,0,0,0
02/25,Prince Edward Island,0,0,0,0
02/26,Prince Edward Island,0,0,0,0
02/27,Prince Edward Island,0,0,0,0
02/28,Prince Edward Island,3,4,5,0
02/29,Prince Edward Island,3,4,5,0
03/01,Prince Edward Island,3,4,5,0
03/02,Prince Edward Island,3,4,5,0
03/03,Prince Edward Island,3,4,5,0
03/04,Prince Edward Island,3,4,5,0
03/05,Prince Edward Island,3,4,5,0
03/06,Prince Edward Island,3,4,5,0
03/07,Prince Edward Island,3,4,5,0
03/08,Prince Edward Island,3,4,5,0
03/09,Prince Edward Island,3,4,5,0
03/10,Prince Edward Island,3,4,5,0
03/11,Prince Edward Island,3,4,5,0
03/12,Prince Edward Island,3,4,5,0
03/13,Prince Edward Island,7,9,11,0
03/14,Prince Edward Island,7,9,11,0
03/15,Prince Edward Island,21,25,31,0
03/16,Prince Edward Island,21,25,31,0
03/17,Prince Edward Island,21,25,31,0
03/18,Prince Edward Island,21,25,31,0
03/19,Prince Edward Island,21,25,31,0
03/20,Prince Edward Island,23,28,34,0
03/21,Prince Edward Island,23,28,34,0
03/22,Prince Edward Island,23,28,34,0
03/23,Prince Edward Island,23,28,34,0
03/24,Prince Edward Island,23,28,34,0
03/25,Prince Edward Island,23,28,34,0
03/26,Prince Edward Island,23,28,34,0
03/27,Prince Edward Island,26,31,37,0
03/28,Prince Edward Island,26,31,37,0
03/29,Prince Edward Island,26,31,37,0
03/30,Prince Edward Island,26,31,37,0
03/31,Prince Edward Island,26,31,37,0
04/01,Prince Edward Island,26,31,37,0
04/02,Prince Edward Island,26,31,37,0
04/03,Prince Edward Island,26,31,37,0
04/04,Prince Edward Island,26,31,37,0
04/05,Prince Edward Island,26,31,37,0
04/06,Prince Edward Island,26,31,37,0
04/07,Prince Edward Island,26,31,37,0
04/08,Prince Edward Island,26,31,37,0
04/09,Prince Edward Island,26,31,37,0
04/10,Prince Edward Island,26,31,37,0
04/11,Prince Edward Island,26,31,37,0
04/12,Prince Edward Island,26,31,37,0
04/13,Prince Edward Island,26,31,37,0
04/14,Prince Edward Island,26,31,37,0
04/15,Prince Edward Island,26,31,37,0
04/16,Prince Edward Island,26,31,37,0
04/17,Prince Edward Island,26,31,37,0
04/18,Prince Edward Island,26,31,37,0
04/19,Prince Edward Island,26,31,37,0
04/20,Prince Edward Island,26,31,37,0
04/21,Prince Edward Island,26,31,37,0
04/22,Prince Edward Island,26,31,37,0
04/23,Prince Edward Island,31,37,37,0
04/24,Prince Edward Island,31,37,37,0
04/25,Prince Edward Island,31,37,37,0
04/26,Prince Edward Island,31,37,37,0
04/27,Prince Edward Island,31,37,37,0
04/28,Prince Edward Island,31,37,37,0
04/29,Prince Edward Island,31,37,37,0
04/30,Prince Edward Island,31,37,37,0
05/01,Prince Edward Island,31,37,37,0
05/02,Prince Edward Island,31,37,37,0
05/03,Prince Edward Island,31,37,37,0
05/04,Prince Edward Island,31,37,37,0
05/05,Prince Edward Island,31,37,37,0
05/06,Prince Edward Island,31,37,37,0
05/07,Prince Edward Island,31,37,37,0
05/08,Prince Edward Island,31,37,37,0
05/09,Prince Edward Island,31,37,37,0
05/10,Prince Edward Island,31,37,37,0
05/11,Prince Edward Island,31,37,37,0
05/12,Prince Edward Island,31,37,37,0
05/13,Prince Edward Island,31,37,37,0
05/14,Prince Edward Island,31,37,37,0
05/15,Prince Edward Island,31,37,37,0
05/16,Prince Edward Island,31,37,37,0
05/17,Prince Edward Island,31,37,37,0
05/18,Prince Edward Island,31,37,37,0
05/19,Prince Edward Island,31,37,37,0
05/20,Prince Edward Island,31,37,37,0
05/21,Prince Edward Island,31,37,37,0
05/22,Prince Edward Island,31,37,37,0
05/23,Prince Edward Island,31,37,37,0
05/24,Prince Edward Island,31,37,37,0
05/25,Prince Edward Island,31,37,37,0
05/26,Prince Edward Island,31,37,37,0
05/27,Prince Edward Island,31,37,37,0
05/28,Prince Edward Island,31,37,37,0
05/29,Prince Edward Island,31,37,37,0
05/30,Prince Edward Island,31,37,37,0
05/31,Prince Edward Island,31,37,37,0
06/01,Prince Edward Island,31,37,37,0
06/02,Prince Edward Island,31,37,37,0
06/03,Prince Edward Island,31,37,37,0
06/04,Prince Edward Island,31,37,37,0
06/05,Prince Edward Island,31,37,37,0
06/06,Prince Edward Island,31,37,37,0
06/07,Prince Edward Island,31,37,37,0
06/08,Prince Edward Island,31,37,37,0
06/09,Prince Edward Island,31,37,37,0
06/10,Prince Edward Island,31,37,37,0
06/11,Prince Edward Island,31,37,37,0
06/12,Prince Edward Island,31,37,37,0
06/13,Prince Edward Island,31,37,37,0
06/14,Prince Edward Island,31,37,37,0
06/15,Prince Edward Island,31,37,37,0
06/16,Prince Edward Island,31,37,37,0
06/17,Prince Edward Island,31,37,37,0
06/18,Prince Edward Island,31,37,37,0
06/19,Prince Edward Island,31,37,37,0
06/20,Prince Edward Island,31,37,37,0
06/21,Prince Edward Island,31,37,37,0
06/22,Prince Edward Island,31,37,37,0
06/23,Prince Edward Island,31,37,37,0
06/24,Prince Edward Island,31,37,37,0
06/25,Prince Edward Island,31,37,37,0
06/26,Prince Edward Island,31,37,37,0
06/27,Prince Edward Island,31,37,37,0
06/28,Prince Edward Island,31,37,37,0
06/29,Prince Edward Island,31,37,37,0
06/30,Prince Edward Island,31,37,37,0
07/01,Prince Edward Island,31,37,37,0
07/02,Prince Edward Island,31,37,37,0
07/03,Prince Edward Island,31,37,37,0
07/04,Prince Edward Island,31,37,37,0
07/05,Prince Edward Island,31,37,37,0
07/06,Prince Edward Island,31,37,37,0
07/07,Prince Edward Island,31,37,37,0
07/08,Prince Edward Island,31,37,37,0
07/09,Prince Edward Island,31,37,37,0
07/10,Prince Edward Island,31,37,37,0
07/11,Prince Edward Island,31,37,37,0
07/12,Prince Edward Island,31,37,37,0
07/13,Prince Edward Island,31,37,37,0
07/14,Prince Edward Island,31,37,37,0
07/15,Prince Edward Island,31,37,37,0
07/16,Prince Edward Island,31,37,37,0
07/17,Prince Edward Island,31,37,37,0
07/18,Prince Edward Island,31,37,37,0
07/19,Prince Edward Island,31,37,37,0
07/20,Prince Edward Island,31,37,37,0
07/21,Prince Edward Island,31,37,37,0
07/22,Prince Edward Island,31,37,37,0
07/23,Prince Edward Island,31,37,37,0
07/24,Prince Edward Island,31,37,37,0
07/25,Prince Edward Island,31,37,37,0
07/26,Prince Edward Island,31,37,37,0
07/27,Prince Edward Island,31,37,37,0
07/28,Prince Edward Island,31,37,37,0
07/29,Prince Edward Island,31,37,37,0
07/30,Prince Edward Island,31,37,37,0
07/31,Prince Edward Island,31,37,37,0
08/01,Prince Edward Island,31,37,37,0
08/02,Prince Edward Island,31,37,37,0
08/03,Prince Edward Island,31,37,37,0
08/04,Prince Edward Island,31,37,37,0
08/05,Prince Edward Island,31,37,37,0
08/06,Prince Edward Island,31,37,37,0
08/07,Prince Edward Island,31,37,37,0
08/08,Prince Edward Island,31,37,37,0
08/09,Prince Edward Island,31,37,37,0
08/10,Prince Edward Island,31,37,37,0
08/11,Prince Edward Island,31,37,37,0
08/12,Prince Edward Island,31,37,37,0
08/13,Prince Edward Island,31,37,37,0
08/14,Prince Edward Island,31,37,37,0
08/15,Prince Edward Island,31,37,37,0
08/16,Prince Edward Island,31,37,37,0
08/17,Prince Edward Island,31,37,37,0
08/18,Prince Edward Island,31,37,37,0
08/19,Prince Edward Island,31,37,37,0
08/20,Prince Edward Island,31,37,37,0
08/21,Prince Edward Island,31,37,37,0
08/22,Prince Edward Island,31,37,37,0
08/23,Prince Edward Island,31,37,37,0
08/24,Prince Edward Island,31,37,37,0
08/25,Prince Edward Island,31,37,37,0
08/26,Prince Edward Island,31,37,37,0
08/27,Prince Edward Island,31,37,37,0
08/28,Prince Edward Island,31,37,37,0
08/29,Prince Edward Island,31,37,37,0
08/30,Prince Edward Island,31,37,37,0
08/31,Prince Edward Island,31,37,37,0
09/01,Prince Edward Island,31,37,37,0
01/07,Nunavut,0,0,0,0
01/08,Nunavut,0,0,0,0
01/09,Nunavut,0,0,0,0
01/10,Nunavut,0,0,0,0
01/11,Nunavut,0,0,0,0
01/12,Nunavut,0,0,0,0
01/13,Nunavut,0,0,0,0
01/14,Nunavut,0,0,0,0
01/15,Nunavut,0,0,0,0
01/16,Nunavut,0,0,0,0
01/17,Nunavut,0,0,0,0
01/18,Nunavut,0,0,0,0
01/19,Nunavut,0,0,0,0
01/20,Nunavut,0,0,0,0
01/21,Nunavut,0,0,0,0
01/22,Nunavut,0,0,0,0
01/23,Nunavut,0,0,0,0
01/24,Nunavut,0,0,0,0
01/25,Nunavut,0,0,0,0
01/26,Nunavut,0,0,0,0
01/27,Nunavut,0,0,0,0
01/28,Nunavut,0,0,0,0
01/29,Nunavut,0,0,0,0
01/30,Nunavut,0,0,0,0
01/31,Nunavut,0,0,0,0
02/01,Nunavut,0,0,0,0
02/02,Nunavut,0,0,0,0
02/03,Nunavut,0,0,0,0
02/04,Nunavut,0,0,0,0
02/05,Nunavut,0,0,0,0
02/06,Nunavut,0,0,0,0
02/07,Nunavut,0,0,0,0
02/08,Nunavut,0,0,0,0
02/09,Nunavut,0,0,0,0
02/10,Nunavut,0,0,0,0
02/11,Nunavut,0,0,0,0
02/12,Nunavut,0,0,0,0
02/13,Nunavut,0,0,0,0
02/14,Nunavut,0,0,0,0
02/15,Nunavut,0,0,0,0
02/16,Nunavut,0,0,0,0
02/17,Nunavut,0,0,0,0
02/18,Nunavut,0,0,0,0
02/19,Nunavut,0,0,0,0
02/20,Nunavut,0,0,0,0
02/21,Nunavut,0,0,0,0
02/22,Nunavut,0,0,0,0
02/23,Nunavut,0,0,0,0
02/24,Nunavut,0,0,0,0
02/25,Nunavut,0,0,0,0
02/26,Nunavut,0,0,0,0
02/27,Nunavut,0,0,0,0
02/28,Nunavut,0,0,0,0
02/29,Nunavut,0,0,0,0
03/01,Nunavut,0,0,0,0
03/02,Nunavut,0,0,0,0
03/03,Nunavut,0,0,0,0
03/04,Nunavut,0,0,0,0
03/05,Nunavut,0,0,0,0
03/06,Nunavut,0,0,0,0
03/07,Nunavut,0,0,0,0
03/08,Nunavut,0,0,0,0
03/09,Nunavut,0,0,0,0
03/10,Nunavut,0,0,0,0
03/11,Nunavut,0,0,0,0
03/12,Nunavut,0,0,0,0
03/13,Nunavut,0,0,0,0
03/14,Nunavut,0,0,0,0
03/15,Nunavut,0,0,0,0
03/16,Nunavut,0,0,0,0
03/17,Nunavut,7,6,7,12
03/18,Nunavut,9,9,11,12
03/19,Nunavut,19,21,25,12
03/20,Nunavut,25,27,33,12
03/21,Nunavut,25,27,33,12
03/22,Nunavut,25,27,33,12
03/23,Nunavut,28,31,38,12
03/24,Nunavut,34,38,47,12
03/25,Nunavut,34,38,47,12
03/26,Nunavut,34,38,47,12
03/27,Nunavut,40,45,55,12
03/28,Nunavut,40,45,55,12
03/29,Nunavut,40,45,55,12
03/30,Nunavut,40,45,55,12
03/31,Nunavut,40,45,55,12
04/01,Nunavut,40,45,55,12
04/02,Nunavut,40,45,55,12
04/03,Nunavut,40,45,55,12
04/04,Nunavut,40,45,55,12
04/05,Nunavut,40,45,55,12
04/06,Nunavut,40,45,55,12
04/07,Nunavut,40,45,55,12
04/08,Nunavut,40,45,55,12
04/09,Nunavut,40,45,55,12
04/10,Nunavut,40,45,55,12
04/11,Nunavut,40,45,55,12
04/12,Nunavut,40,45,55,12
04/13,Nunavut,40,45,55,12
04/14,Nunavut,40,45,55,12
04/15,Nunavut,40,45,55,12
04/16,Nunavut,40,45,55,12
04/17,Nunavut,40,45,55,12
04/18,Nunavut,40,45,55,12
04/19,Nunavut,40,45,55,12
04/20,Nunavut,40,45,55,12
04/21,Nunavut,40,45,55,12
04/22,Nunavut,40,45,55,12
04/23,Nunavut,40,45,55,12
04/24,Nunavut,40,45,55,12
04/25,Nunavut,40,45,55,12
04/26,Nunavut,40,45,55,12
04/27,Nunavut,40,45,55,12
04/28,Nunavut,40,45,55,12
04/29,Nunavut,40,45,55,12
04/30,Nunavut,42,47,58,12
05/01,Nunavut,42,47,58,12
05/02,Nunavut,42,47,58,12
05/03,Nunavut,42,47,58,12
05/04,Nunavut,42,47,58,12
05/05,Nunavut,42,47,58,12
05/06,Nunavut,42,47,58,12
05/07,Nunavut,42,47,58,12
05/08,Nunavut,42,47,58,12
05/09,Nunavut,42,47,58,12
05/10,Nunavut,42,47,58,12
05/11,Nunavut,42,47,58,12
05/12,Nunavut,42,47,58,12
05/13,Nunavut,42,47,58,12
05/14,Nunavut,42,47,58,12
05/15,Nunavut,42,47,58,12
05/16,Nunavut,42,47,58,12
05/17,Nunavut,42,47,58,12
05/18,Nunavut,42,47,58,12
05/19,Nunavut,42,47,58,12
05/20,Nunavut,42,47,58,12
05/21,Nunavut,42,47,58,12
05/22,Nunavut,42,47,58,12
05/23,Nunavut,42,47,58,12
05/24,Nunavut,42,47,58,12
05/25,Nunavut,42,47,58,12
05/26,Nunavut,42,47,58,12
05/27,Nunavut,42,47,58,12
05/28,Nunavut,42,47,58,12
05/29,Nunavut,42,47,58,12
05/30,Nunavut,42,47,58,12
05/31,Nunavut,42,47,58,12
06/01,Nunavut,42,47,58,12
06/02,Nunavut,42,47,58,12
06/03,Nunavut,42,47,58,12
06/04,Nunavut,42,47,58,12
06/05,Nunavut,42,47,58,12
06/06,Nunavut,42,47,58,12
06/07,Nunavut,42,47,58,12
06/08,Nunavut,34,38,47,12
06/09,Nunavut,34,38,47,12
06/10,Nunavut,34,38,47,12
06/11,Nunavut,34,38,47,12
06/12,Nunavut,34,38,47,12
06/13,Nunavut,34,38,47,12
06/14,Nunavut,34,38,47,12
06/15,Nunavut,34,38,47,12
06/16,Nunavut,34,38,47,12
06/17,Nunavut,34,38,47,12
06/18,Nunavut,34,38,47,12
06/19,Nunavut,34,38,47,12
06/20,Nunavut,34,38,47,12
06/21,Nunavut,34,38,47,12
06/22,Nunavut,34,38,47,12
06/23,Nunavut,34,38,47,12
06/24,Nunavut,34,38,47,12
06/25,Nunavut,34,38,47,12
06/26,Nunavut,34,38,47,12
06/27,Nunavut,34,38,47,12
06/28,Nunavut,34,38,47,12
06/29,Nunavut,34,38,47,12
06/30,Nunavut,34,38,47,12
07/01,Nunavut,34,38,47,12
07/02,Nunavut,34,38,47,12
07/03,Nunavut,34,38,47,12
07/04,Nunavut,34,38,47,12
07/05,Nunavut,34,38,47,12
07/06,Nunavut,34,38,47,12
07/07,Nunavut,34,38,47,12
07/08,Nunavut,34,38,47,12
07/09,Nunavut,34,38,47,12
07/10,Nunavut,34,38,47,12
07/11,Nunavut,34,38,47,12
07/12,Nunavut,34,38,47,12
07/13,Nunavut,34,38,47,12
07/14,Nunavut,34,38,47,12
07/15,Nunavut,34,38,47,12
07/16,Nunavut,34,38,47,12
07/17,Nunavut,34,38,47,12
07/18,Nunavut,34,38,47,12
07/19,Nunavut,34,38,47,12
07/20,Nunavut,34,38,47,12
07/21,Nunavut,34,38,47,12
07/22,Nunavut,34,38,47,12
07/23,Nunavut,34,38,47,12
07/24,Nunavut,34,38,47,12
07/25,Nunavut,34,38,47,12
07/26,Nunavut,34,38,47,12
07/27,Nunavut,34,38,47,12
07/28,Nunavut,34,38,47,12
07/29,Nunavut,34,38,47,12
07/30,Nunavut,34,38,47,12
07/31,Nunavut,34,38,47,12
08/01,Nunavut,34,38,47,12
08/02,Nunavut,34,38,47,12
08/03,Nunavut,34,38,47,12
08/04,Nunavut,34,38,47,12
08/05,Nunavut,34,38,47,12
08/06,Nunavut,34,38,47,12
08/07,Nunavut,34,38,47,12
08/08,Nunavut,34,38,47,12
08/09,Nunavut,34,38,47,12
08/10,Nunavut,34,38,47,12
08/11,Nunavut,34,38,47,12
08/12,Nunavut,34,38,47,12
08/13,Nunavut,34,38,47,12
08/14,Nunavut,34,38,47,12
08/15,Nunavut,34,38,47,12
08/16,Nunavut,34,38,47,12
08/17,Nunavut,34,38,47,12
08/18,Nunavut,34,38,47,12
08/19,Nunavut,34,38,47,12
08/20,Nunavut,34,38,47,12
08/21,Nunavut,34,38,47,12
08/22,Nunavut,34,38,47,12
08/23,Nunavut,34,38,47,12
08/24,Nunavut,34,38,47,12
08/25,Nunavut,34,38,47,12
08/26,Nunavut,34,38,47,12
08/27,Nunavut,34,38,47,12
08/28,Nunavut,34,38,47,12
08/29,Nunavut,34,38,47,12
08/30,Nunavut,34,38,47,12
08/31,Nunavut,34,38,47,12
09/01,Nunavut,34,38,47,12
01/07,Northwest Territories,0,0,0,0
01/08,Northwest Territories,0,0,0,0
01/09,Northwest Territories,0,0,0,0
01/10,Northwest Territories,0,0,0,0
01/11,Northwest Territories,0,0,0,0
01/12,Northwest Territories,0,0,0,0
01/13,Northwest Territories,0,0,0,0
01/14,Northwest Territories,0,0,0,0
01/15,Northwest Territories,0,0,0,0
01/16,Northwest Territories,0,0,0,0
01/17,Northwest Territories,0,0,0,0
01/18,Northwest Territories,0,0,0,0
01/19,Northwest Territories,0,0,0,0
01/20,Northwest Territories,0,0,0,0
01/21,Northwest Territories,0,0,0,0
01/22,Northwest Territories,0,0,0,0
01/23,Northwest Territories,0,0,0,0
01/24,Northwest Territories,0,0,0,0
01/25,Northwest Territories,0,0,0,0
01/26,Northwest Territories,0,0,0,0
01/27,Northwest Territories,0,0,0,0
01/28,Northwest Territories,0,0,0,0
01/29,Northwest Territories,0,0,0,0
01/30,Northwest Territories,0,0,0,0
01/31,Northwest Territories,0,0,0,0
02/01,Northwest Territories,0,0,0,0
02/02,Northwest Territories,0,0,0,0
02/03,Northwest Territories,0,0,0,0
02/04,Northwest Territories,0,0,0,0
02/05,Northwest Territories,0,0,0,0
02/06,Northwest Territories,0,0,0,0
02/07,Northwest Territories,0,0,0,0
02/08,Northwest Territories,0,0,0,0
02/09,Northwest Territories,0,0,0,0
02/10,Northwest Territories,0,0,0,0
02/11,Northwest Territories,0,0,0,0
02/12,Northwest Territories,0,0,0,0
02/13,Northwest Territories,0,0,0,0
02/14,Northwest Territories,0,0,0,0
02/15,Northwest Territories,0,0,0,0
02/16,Northwest Territories,0,0,0,0
02/17,Northwest Territories,0,0,0,0
02/18,Northwest Territories,0,0,0,0
02/19,Northwest Territories,0,0,0,0
02/20,Northwest Territories,0,0,0,0
02/21,Northwest Territories,0,0,0,0
02/22,Northwest Territories,0,0,0,0
02/23,Northwest Territories,0,0,0,0
02/24,Northwest Territories,0,0,0,0
02/25,Northwest Territories,0,0,0,0
02/26,Northwest Territories,0,0,0,0
02/27,Northwest Territories,0,0,0,0
02/28,Northwest Territories,0,0,0,0
02/29,Northwest Territories,0,0,0,0
03/01,Northwest Territories,0,0,0,0
03/02,Northwest Territories,0,0,0,0
03/03,Northwest Territories,0,0,0,0
03/04,Northwest Territories,0,0,0,0
03/05,Northwest Territories,0,0,0,0
03/06,Northwest Territories,0,0,0,0
03/07,Northwest Territories,0,0,0,0
03/08,Northwest Territories,0,0,0,0
03/09,Northwest Territories,0,0,0,0
03/10,Northwest Territories,2,3,0,0
03/11,Northwest Territories,2,3,0,0
03/12,Northwest Territories,8,9,8,0
03/13,Northwest Territories,8,9,8,0
03/14,Northwest Territories,14,16,16,0
03/15,Northwest Territories,14,16,16,0
03/16,Northwest Territories,17,21,22,0
03/17,Northwest Territories,17,21,22,0
03/18,Northwest Territories,17,21,22,0
03/19,Northwest Territories,17,21,22,0
03/20,Northwest Territories,21,25,27,0
03/21,Northwest Territories,35,41,36,0
03/22,Northwest Territories,36,43,37,0
03/23,Northwest Territories,42,50,46,0
03/24,Northwest Territories,42,50,46,0
03/25,Northwest Territories,42,50,46,0
03/26,Northwest Territories,42,50,46,0
03/27,Northwest Territories,44,52,49,0
03/28,Northwest Territories,44,52,49,0
03/29,Northwest Territories,44,52,49,0
03/30,Northwest Territories,44,52,49,0
03/31,Northwest Territories,44,52,49,0
04/01,Northwest Territories,44,52,49,0
04/02,Northwest Territories,44,52,49,0
04/03,Northwest Territories,44,52,49,0
04/04,Northwest Territories,44,52,49,0
04/05,Northwest Territories,44,52,49,0
04/06,Northwest Territories,44,52,49,0
04/07,Northwest Territories,44,52,49,0
04/08,Northwest Territories,44,52,49,0
04/09,Northwest Territories,44,52,49,0
04/10,Northwest Territories,44,52,49,0
04/11,Northwest Territories,44,52,49,0
04/12,Northwest Territories,44,52,49,0
04/13,Northwest Territories,44,52,49,0
04/14,Northwest Territories,44,52,49,0
04/15,Northwest Territories,44,52,49,0
04/16,Northwest Territories,44,52,49,0
04/17,Northwest Territories,44,52,49,0
04/18,Northwest Territories,44,52,49,0
04/19,Northwest Territories,44,52,49,0
04/20,Northwest Territories,44,52,49,0
04/21,Northwest Territories,44,52,49,0
04/22,Northwest Territories,44,52,49,0
04/23,Northwest Territories,44,52,49,0
04/24,Northwest Territories,44,52,49,0
04/25,Northwest Territories,44,52,49,0
04/26,Northwest Territories,44,52,49,0
04/27,Northwest Territories,44,52,49,0
04/28,Northwest Territories,44,52,49,0
04/29,Northwest Territories,44,52,49,0
04/30,Northwest Territories,44,52,49,0
05/01,Northwest Territories,44,52,49,0
05/02,Northwest Territories,44,52,49,0
05/03,Northwest Territories,44,52,49,0
05/04,Northwest Territories,44,52,49,0
05/05,Northwest Territories,44,52,49,0
05/06,Northwest Territories,44,52,49,0
05/07,Northwest Territories,44,52,49,0
05/08,Northwest Territories,48,56,54,0
05/09,Northwest Territories,48,56,54,0
05/10,Northwest Territories,48,56,54,0
05/11,Northwest Territories,48,56,54,0
05/12,Northwest Territories,50,56,54,12
05/13,Northwest Territories,50,56,54,12
05/14,Northwest Territories,50,56,54,12
05/15,Northwest Territories,55,56,54,50
05/16,Northwest Territories,55,56,54,50
05/17,Northwest Territories,55,56,54,50
05/18,Northwest Territories,55,56,54,50
05/19,Northwest Territories,55,56,54,50
05/20,Northwest Territories,55,56,54,50
05/21,Northwest Territories,55,56,54,50
05/22,Northwest Territories,55,56,54,50
05/23,Northwest Territories,55,56,54,50
05/24,Northwest Territories,55,56,54,50
05/25,Northwest Territories,55,56,54,50
05/26,Northwest Territories,55,56,54,50
05/27,Northwest Territories,55,56,54,50
05/28,Northwest Territories,55,56,54,50
05/29,Northwest Territories,55,56,54,50
05/30,Northwest Territories,55,56,54,50
05/31,Northwest Territories,55,56,54,50
06/01,Northwest Territories,55,56,54,50
06/02,Northwest Territories,55,56,54,50
06/03,Northwest Territories,55,56,54,50
06/04,Northwest Territories,55,56,54,50
06/05,Northwest Territories,55,56,54,50
06/06,Northwest Territories,55,56,54,50
06/07,Northwest Territories,55,56,54,50
06/08,Northwest Territories,55,56,54,50
06/09,Northwest Territories,55,56,54,50
06/10,Northwest Territories,44,43,37,50
06/11,Northwest Territories,44,43,37,50
06/12,Northwest Territories,44,43,37,50
06/13,Northwest Territories,44,43,37,50
06/14,Northwest Territories,44,43,37,50
06/15,Northwest Territories,44,43,37,50
06/16,Northwest Territories,44,43,37,50
06/17,Northwest Territories,44,43,37,50
06/18,Northwest Territories,44,43,37,50
06/19,Northwest Territories,44,43,37,50
06/20,Northwest Territories,44,43,37,50
06/21,Northwest Territories,44,43,37,50
06/22,Northwest Territories,44,43,37,50
06/23,Northwest Territories,44,43,37,50
06/24,Northwest Territories,44,43,37,50
06/25,Northwest Territories,44,43,37,50
06/26,Northwest Territories,44,43,37,50
06/27,Northwest Territories,44,43,37,50
06/28,Northwest Territories,44,43,37,50
06/29,Northwest Territories,44,43,37,50
06/30,Northwest Territories,44,43,37,50
07/01,Northwest Territories,44,43,37,50
07/02,Northwest Territories,44,43,37,50
07/03,Northwest Territories,44,43,37,50
07/04,Northwest Territories,44,43,37,50
07/05,Northwest Territories,44,43,37,50
07/06,Northwest Territories,44,43,37,50
07/07,Northwest Territories,44,43,37,50
07/08,Northwest Territories,44,43,37,50
07/09,Northwest Territories,44,43,37,50
07/10,Northwest Territories,44,43,37,50
07/11,Northwest Territories,44,43,37,50
07/12,Northwest Territories,44,43,37,50
07/13,Northwest Territories,44,43,37,50
07/14,Northwest Territories,44,43,37,50
07/15,Northwest Territories,44,43,37,50
07/16,Northwest Territories,44,43,37,50
07/17,Northwest Territories,44,43,37,50
07/18,Northwest Territories,44,43,37,50
07/19,Northwest Territories,44,43,37,50
07/20,Northwest Territories,44,43,37,50
07/21,Northwest Territories,44,43,37,50
07/22,Northwest Territories,44,43,37,50
07/23,Northwest Territories,44,43,37,50
07/24,Northwest Territories,44,43,37,50
07/25,Northwest Territories,44,43,37,50
07/26,Northwest Territories,44,43,37,50
07/27,Northwest Territories,44,43,37,50
07/28,Northwest Territories,44,43,37,50
07/29,Northwest Territories,44,43,37,50
07/30,Northwest Territories,44,43,37,50
07/31,Northwest Territories,44,43,37,50
08/01,Northwest Territories,44,43,37,50
08/02,Northwest Territories,44,43,37,50
08/03,Northwest Territories,44,43,37,50
08/04,Northwest Territories,44,43,37,50
08/05,Northwest Territories,44,43,37,50
08/06,Northwest Territories,44,43,37,50
08/07,Northwest Territories,44,43,37,50
08/08,Northwest Territories,44,43,37,50
08/09,Northwest Territories,44,43,37,50
08/10,Northwest Territories,44,43,37,50
08/11,Northwest Territories,44,43,37,50
08/12,Northwest Territories,44,43,37,50
08/13,Northwest Territories,44,43,37,50
08/14,Northwest Territories,44,43,37,50
08/15,Northwest Territories,44,43,37,50
08/16,Northwest Territories,44,43,37,50
08/17,Northwest Territories,44,43,37,50
08/18,Northwest Territories,44,43,37,50
08/19,Northwest Territories,44,43,37,50
08/20,Northwest Territories,44,43,37,50
08/21,Northwest Territories,44,43,37,50
08/22,Northwest Territories,44,43,37,50
08/23,Northwest Territories,44,43,37,50
08/24,Northwest Territories,44,43,37,50
08/25,Northwest Territories,44,43,37,50
08/26,Northwest Territories,44,43,37,50
08/27,Northwest Territories,44,43,37,50
08/28,Northwest Territories,44,43,37,50
08/29,Northwest Territories,44,43,37,50
08/30,Northwest Territories,44,43,37,50
08/31,Northwest Territories,44,43,37,50
09/01,Northwest Territories,44,43,37,50
01/07,Newfoundland and Labrador,0,0,0,0
01/08,Newfoundland and Labrador,0,0,0,0
01/09,Newfoundland and Labrador,0,0,0,0
01/10,Newfoundland and Labrador,0,0,0,0
01/11,Newfoundland and Labrador,0,0,0,0
01/12,Newfoundland and Labrador,0,0,0,0
01/13,Newfoundland and Labrador,0,0,0,0
01/14,Newfoundland and Labrador,0,0,0,0
01/15,Newfoundland and Labrador,0,0,0,0
01/16,Newfoundland and Labrador,0,0,0,0
01/17,Newfoundland and Labrador,0,0,0,0
01/18,Newfoundland and Labrador,0,0,0,0
01/19,Newfoundland and Labrador,0,0,0,0
01/20,Newfoundland and Labrador,0,0,0,0
01/21,Newfoundland and Labrador,0,0,0,0
01/22,Newfoundland and Labrador,0,0,0,0
01/23,Newfoundland and Labrador,0,0,0,0
01/24,Newfoundland and Labrador,0,0,0,0
01/25,Newfoundland and Labrador,0,0,0,0
01/26,Newfoundland and Labrador,0,0,0,0
01/27,Newfoundland and Labrador,0,0,0,0
01/28,Newfoundland and Labrador,0,0,0,0
01/29,Newfoundland and Labrador,0,0,0,0
01/30,Newfoundland and Labrador,0,0,0,0
01/31,Newfoundland and Labrador,0,0,0,0
02/01,Newfoundland and Labrador,0,0,0,0
02/02,Newfoundland and Labrador,0,0,0,0
02/03,Newfoundland and Labrador,0,0,0,0
02/04,Newfoundland and Labrador,0,0,0,0
02/05,Newfoundland and Labrador,0,0,0,0
02/06,Newfoundland and Labrador,0,0,0,0
02/07,Newfoundland and Labrador,0,0,0,0
02/08,Newfoundland and Labrador,0,0,0,0
02/09,Newfoundland and Labrador,0,0,0,0
02/10,Newfoundland and Labrador,0,0,0,0
02/11,Newfoundland and Labrador,0,0,0,0
02/12,Newfoundland and Labrador,0,0,0,0
02/13,Newfoundland and Labrador,0,0,0,0
02/14,Newfoundland and Labrador,0,0,0,0
02/15,Newfoundland and Labrador,0,0,0,0
02/16,Newfoundland and Labrador,0,0,0,0
02/17,Newfoundland and Labrador,0,0,0,0
02/18,Newfoundland and Labrador,0,0,0,0
02/19,Newfoundland and Labrador,0,0,0,0
02/20,Newfoundland and Labrador,0,0,0,0
02/21,Newfoundland and Labrador,0,0,0,0
02/22,Newfoundland and Labrador,0,0,0,0
02/23,Newfoundland and Labrador,0,0,0,0
02/24,Newfoundland and Labrador,0,0,0,0
02/25,Newfoundland and Labrador,0,0,0,0
02/26,Newfoundland and Labrador,0,0,0,0
02/27,Newfoundland and Labrador,0,0,0,0
02/28,Newfoundland and Labrador,0,0,0,0
02/29,Newfoundland and Labrador,0,0,0,0
03/01,Newfoundland and Labrador,0,0,0,0
03/02,Newfoundland and Labrador,0,0,0,0
03/03,Newfoundland and Labrador,0,0,0,0
03/04,Newfoundland and Labrador,0,0,0,0
03/05,Newfoundland and Labrador,0,0,0,0
03/06,Newfoundland and Labrador,1,2,2,0
03/07,Newfoundland and Labrador,1,2,2,0
03/08,Newfoundland and Labrador,1,2,2,0
03/09,Newfoundland and Labrador,1,2,2,0
03/10,Newfoundland and Labrador,7,9,11,0
03/11,Newfoundland and Labrador,7,9,11,0
03/12,Newfoundland and Labrador,7,9,11,0
03/13,Newfoundland and Labrador,13,15,19,0
03/14,Newfoundland and Labrador,13,15,19,0
03/15,Newfoundland and Labrador,13,15,19,0
03/16,Newfoundland and Labrador,13,15,19,0
03/17,Newfoundland and Labrador,18,21,26,0
03/18,Newfoundland and Labrador,22,26,32,0
03/19,Newfoundland and Labrador,22,26,32,0
03/20,Newfoundland and Labrador,22,26,32,0
03/21,Newfoundland and Labrador,22,26,32,0
03/22,Newfoundland and Labrador,30,35,32,0
03/23,Newfoundland and Labrador,33,40,37,0
03/24,Newfoundland and Labrador,33,40,37,0
03/25,Newfoundland and Labrador,33,40,37,0
03/26,Newfoundland and Labrador,41,49,49,0
03/27,Newfoundland and Labrador,41,49,49,0
03/28,Newfoundland and Labrador,41,49,49,0
03/29,Newfoundland and Labrador,41,49,49,0
03/30,Newfoundland and Labrador,41,49,49,0
03/31,Newfoundland and Labrador,43,51,51,0
04/01,Newfoundland and Labrador,43,51,51,0
04/02,Newfoundland and Labrador,43,51,51,0
04/03,Newfoundland and Labrador,43,51,51,0
04/04,Newfoundland and Labrador,43,51,51,0
04/05,Newfoundland and Labrador,43,51,51,0
04/06,Newfoundland and Labrador,43,51,51,0
04/07,Newfoundland and Labrador,43,51,51,0
04/08,Newfoundland and Labrador,43,51,51,0
04/09,Newfoundland and Labrador,43,51,51,0
04/10,Newfoundland and Labrador,43,51,51,0
04/11,Newfoundland and Labrador,43,51,51,0
04/12,Newfoundland and Labrador,43,51,51,0
04/13,Newfoundland and Labrador,43,51,51,0
04/14,Newfoundland and Labrador,43,51,51,0
04/15,Newfoundland and Labrador,48,57,51,0
04/16,Newfoundland and Labrador,48,57,51,0
04/17,Newfoundland and Labrador,48,57,51,0
04/18,Newfoundland and Labrador,48,57,51,0
04/19,Newfoundland and Labrador,48,57,51,0
04/20,Newfoundland and Labrador,48,57,51,0
04/21,Newfoundland and Labrador,48,57,51,0
04/22,Newfoundland and Labrador,48,57,51,0
04/23,Newfoundland and Labrador,48,57,51,0
04/24,Newfoundland and Labrador,48,57,51,0
04/25,Newfoundland and Labrador,48,57,51,0
04/26,Newfoundland and Labrador,48,57,51,0
04/27,Newfoundland and Labrador,48,57,51,0
04/28,Newfoundland and Labrador,48,57,51,0
04/29,Newfoundland and Labrador,48,57,51,0
04/30,Newfoundland and Labrador,48,57,51,0
05/01,Newfoundland and Labrador,48,57,51,0
05/02,Newfoundland and Labrador,48,57,51,0
05/03,Newfoundland and Labrador,48,57,51,0
05/04,Newfoundland and Labrador,48,57,51,0
05/05,Newfoundland and Labrador,48,57,51,0
05/06,Newfoundland and Labrador,48,57,51,0
05/07,Newfoundland and Labrador,48,57,51,0
05/08,Newfoundland and Labrador,48,57,51,0
05/09,Newfoundland and Labrador,48,57,51,0
05/10,Newfoundland and Labrador,48,57,51,0
05/11,Newfoundland and Labrador,48,57,51,0
05/12,Newfoundland and Labrador,48,57,51,0
05/13,Newfoundland and Labrador,48,57,51,0
05/14,Newfoundland and Labrador,48,57,51,0
05/15,Newfoundland and Labrador,48,57,51,0
05/16,Newfoundland and Labrador,48,57,51,0
05/17,Newfoundland and Labrador,48,57,51,0
05/18,Newfoundland and Labrador,48,57,51,0
05/19,Newfoundland and Labrador,48,57,51,0
05/20,Newfoundland and Labrador,48,57,51,0
05/21,Newfoundland and Labrador,48,57,51,0
05/22,Newfoundland and Labrador,48,57,51,0
05/23,Newfoundland and Labrador,48,57,51,0
05/24,Newfoundland and Labrador,48,57,51,0
05/25,Newfoundland and Labrador,48,57,51,0
05/26,Newfoundland and Labrador,48,57,51,0
05/27,Newfoundland and Labrador,48,57,51,0
05/28,Newfoundland and Labrador,48,57,51,0
05/29,Newfoundland and Labrador,48,57,51,0
05/30,Newfoundland and Labrador,48,57,51,0
05/31,Newfoundland and Labrador,48,57,51,0
06/01,Newfoundland and Labrador,48,57,51,0
06/02,Newfoundland and Labrador,48,57,51,0
06/03,Newfoundland and Labrador,48,57,51,0
06/04,Newfoundland and Labrador,48,57,51,0
06/05,Newfoundland and Labrador,48,57,51,0
06/06,Newfoundland and Labrador,48,57,51,0
06/07,Newfoundland and Labrador,48,57,51,0
06/08,Newfoundland and Labrador,48,57,51,0
06/09,Newfoundland and Labrador,48,57,51,0
06/10,Newfoundland and Labrador,48,57,51,0
06/11,Newfoundland and Labrador,48,57,51,0
06/12,Newfoundland and Labrador,48,57,51,0
06/13,Newfoundland and Labrador,48,57,51,0
06/14,Newfoundland and Labrador,48,57,51,0
06/15,Newfoundland and Labrador,48,57,51,0
06/16,Newfoundland and Labrador,48,57,51,0
06/17,Newfoundland and Labrador,48,57,51,0
06/18,Newfoundland and Labrador,48,57,51,0
06/19,Newfoundland and Labrador,48,57,51,0
06/20,Newfoundland and Labrador,48,57,51,0
06/21,Newfoundland and Labrador,48,57,51,0
06/22,Newfoundland and Labrador,48,57,51,0
06/23,Newfoundland and Labrador,48,57,51,0
06/24,Newfoundland and Labrador,48,57,51,0
06/25,Newfoundland and Labrador,48,57,51,0
06/26,Newfoundland and Labrador,48,57,51,0
06/27,Newfoundland and Labrador,48,57,51,0
06/28,Newfoundland and Labrador,48,57,51,0
06/29,Newfoundland and Labrador,48,57,51,0
06/30,Newfoundland and Labrador,48,57,51,0
07/01,Newfoundland and Labrador,48,57,51,0
07/02,Newfoundland and Labrador,48,57,51,0
07/03,Newfoundland and Labrador,48,57,51,0
07/04,Newfoundland and Labrador,48,57,51,0
07/05,Newfoundland and Labrador,48,57,51,0
07/06,Newfoundland and Labrador,48,57,51,0
07/07,Newfoundland and Labrador,48,57,51,0
07/08,Newfoundland and Labrador,48,57,51,0
07/09,Newfoundland and Labrador,48,57,51,0
07/10,Newfoundland and Labrador,48,57,51,0
07/11,Newfoundland and Labrador,48,57,51,0
07/12,Newfoundland and Labrador,48,57,51,0
07/13,Newfoundland and Labrador,48,57,51,0
07/14,Newfoundland and Labrador,48,57,51,0
07/15,Newfoundland and Labrador,48,57,51,0
07/16,Newfoundland and Labrador,48,57,51,0
07/17,Newfoundland and Labrador,48,57,51,0
07/18,Newfoundland and Labrador,48,57,51,0
07/19,Newfoundland and Labrador,48,57,51,0
07/20,Newfoundland and Labrador,48,57,51,0
07/21,Newfoundland and Labrador,48,57,51,0
07/22,Newfoundland and Labrador,48,57,51,0
07/23,Newfoundland and Labrador,48,57,51,0
07/24,Newfoundland and Labrador,48,57,51,0
07/25,Newfoundland and Labrador,48,57,51,0
07/26,Newfoundland and Labrador,48,57,51,0
07/27,Newfoundland and Labrador,48,57,51,0
07/28,Newfoundland and Labrador,48,57,51,0
07/29,Newfoundland and Labrador,48,57,51,0
07/30,Newfoundland and Labrador,48,57,51,0
07/31,Newfoundland and Labrador,48,57,51,0
08/01,Newfoundland and Labrador,48,57,51,0
08/02,Newfoundland and Labrador,48,57,51,0
08/03,Newfoundland and Labrador,48,57,51,0
08/04,Newfoundland and Labrador,48,57,51,0
08/05,Newfoundland and Labrador,48,57,51,0
08/06,Newfoundland and Labrador,48,57,51,0
08/07,Newfoundland and Labrador,48,57,51,0
08/08,Newfoundland and Labrador,48,57,51,0
08/09,Newfoundland and Labrador,48,57,51,0
08/10,Newfoundland and Labrador,48,57,51,0
08/11,Newfoundland and Labrador,48,57,51,0
08/12,Newfoundland and Labrador,48,57,51,0
08/13,Newfoundland and Labrador,48,57,51,0
08/14,Newfoundland and Labrador,48,57,51,0
08/15,Newfoundland and Labrador,48,57,51,0
08/16,Newfoundland and Labrador,48,57,51,0
08/17,Newfoundland and Labrador,48,57,51,0
08/18,Newfoundland and Labrador,48,57,51,0
08/19,Newfoundland and Labrador,48,57,51,0
08/20,Newfoundland and Labrador,48,57,51,0
08/21,Newfoundland and Labrador,48,57,51,0
08/22,Newfoundland and Labrador,48,57,51,0
08/23,Newfoundland and Labrador,48,57,51,0
08/24,Newfoundland and Labrador,48,57,51,0
08/25,Newfoundland and Labrador,48,57,51,0
08/26,Newfoundland and Labrador,48,57,51,0
08/27,Newfoundland and Labrador,48,57,51,0
08/28,Newfoundland and Labrador,48,57,51,0
08/29,Newfoundland and Labrador,48,57,51,0
08/30,Newfoundland and Labrador,48,57,51,0
08/31,Newfoundland and Labrador,48,57,51,0
09/01,Newfoundland and Labrador,48,57,51,0
01/07,Yukon,0,0,0,0
01/08,Yukon,0,0,0,0
01/09,Yukon,0,0,0,0
01/10,Yukon,0,0,0,0
01/11,Yukon,0,0,0,0
01/12,Yukon,0,0,0,0
01/13,Yukon,0,0,0,0
01/14,Yukon,0,0,0,0
01/15,Yukon,0,0,0,0
01/16,Yukon,0,0,0,0
01/17,Yukon,0,0,0,0
01/18,Yukon,0,0,0,0
01/19,Yukon,0,0,0,0
01/20,Yukon,0,0,0,0
01/21,Yukon,0,0,0,0
01/22,Yukon,0,0,0,0
01/23,Yukon,0,0,0,0
01/24,Yukon,0,0,0,0
01/25,Yukon,0,0,0,0
01/26,Yukon,0,0,0,0
01/27,Yukon,0,0,0,0
01/28,Yukon,0,0,0,0
01/29,Yukon,0,0,0,0
01/30,Yukon,0,0,0,0
01/31,Yukon,0,0,0,0
02/01,Yukon,0,0,0,0
02/02,Yukon,0,0,0,0
02/03,Yukon,0,0,0,0
02/04,Yukon,0,0,0,0
02/05,Yukon,0,0,0,0
02/06,Yukon,0,0,0,0
02/07,Yukon,0,0,0,0
02/08,Yukon,0,0,0,0
02/09,Yukon,0,0,0,0
02/10,Yukon,0,0,0,0
02/11,Yukon,0,0,0,0
02/12,Yukon,0,0,0,0
02/13,Yukon,0,0,0,0
02/14,Yukon,0,0,0,0
02/15,Yukon,0,0,0,0
02/16,Yukon,0,0,0,0
02/17,Yukon,0,0,0,0
02/18,Yukon,0,0,0,0
02/19,Yukon,0,0,0,0
02/20,Yukon,0,0,0,0
02/21,Yukon,0,0,0,0
02/22,Yukon,0,0,0,0
02/23,Yukon,0,0,0,0
02/24,Yukon,0,0,0,0
02/25,Yukon,0,0,0,0
02/26,Yukon,0,0,0,0
02/27,Yukon,0,0,0,0
02/28,Yukon,0,0,0,0
02/29,Yukon,0,0,0,0
03/01,Yukon,0,0,0,0
03/02,Yukon,0,0,0,0
03/03,Yukon,0,0,0,0
03/04,Yukon,0,0,0,0
03/05,Yukon,0,0,0,0
03/06,Yukon,0,0,0,0
03/07,Yukon,0,0,0,0
03/08,Yukon,0,0,0,0
03/09,Yukon,0,0,0,0
03/10,Yukon,0,0,0,0
03/11,Yukon,0,0,0,0
03/12,Yukon,0,0,0,0
03/13,Yukon,0,0,0,0
03/14,Yukon,0,0,0,0
03/15,Yukon,0,0,0,0
03/16,Yukon,0,0,0,0
03/17,Yukon,0,0,0,0
03/18,Yukon,15,18,22,0
03/19,Yukon,15,18,22,0
03/20,Yukon,15,18,22,0
03/21,Yukon,15,18,22,0
03/22,Yukon,22,26,32,0
03/23,Yukon,22,26,32,0
03/24,Yukon,22,26,32,0
03/25,Yukon,22,26,32,0
03/26,Yukon,22,26,32,0
03/27,Yukon,26,31,37,0
03/28,Yukon,26,31,37,0
03/29,Yukon,26,31,37,0
03/30,Yukon,26,31,37,0
03/31,Yukon,26,31,37,0
04/01,Yukon,32,37,46,0
04/02,Yukon,32,37,46,0
04/03,Yukon,33,40,49,0
04/04,Yukon,33,40,49,0
04/05,Yukon,33,40,49,0
04/06,Yukon,33,40,49,0
04/07,Yukon,33,40,49,0
04/08,Yukon,35,42,51,0
04/09,Yukon,35,42,51,0
04/10,Yukon,35,42,51,0
04/11,Yukon,35,42,51,0
04/12,Yukon,35,42,51,0
04/13,Yukon,35,42,51,0
04/14,Yukon,35,42,51,0
04/15,Yukon,35,42,51,0
04/16,Yukon,35,42,51,0
04/17,Yukon,39,46,57,0
04/18,Yukon,39,46,57,0
04/19,Yukon,39,46,57,0
04/20,Yukon,39,46,57,0
04/21,Yukon,39,46,57,0
04/22,Yukon,39,46,57,0
04/23,Yukon,39,46,57,0
04/24,Yukon,39,46,57,0
04/25,Yukon,39,46,57,0
04/26,Yukon,39,46,57,0
04/27,Yukon,44,53,57,0
04/28,Yukon,44,53,57,0
04/29,Yukon,44,53,57,0
04/30,Yukon,44,53,57,0
05/01,Yukon,44,53,57,0
05/02,Yukon,44,53,57,0
05/03,Yukon,44,53,57,0
05/04,Yukon,44,53,57,0
05/05,Yukon,44,53,57,0
05/06,Yukon,44,53,57,0
05/07,Yukon,44,53,57,0
05/08,Yukon,44,53,57,0
05/09,Yukon,44,53,57,0
05/10,Yukon,44,53,57,0
05/11,Yukon,44,53,57,0
05/12,Yukon,44,53,57,0
05/13,Yukon,44,53,57,0
05/14,Yukon,44,53,57,0
05/15,Yukon,44,53,57,0
05/16,Yukon,44,53,57,0
05/17,Yukon,44,53,57,0
05/18,Yukon,44,53,57,0
05/19,Yukon,44,53,57,0
05/20,Yukon,44,53,57,0
05/21,Yukon,44,53,57,0
05/22,Yukon,44,53,57,0
05/23,Yukon,44,53,57,0
05/24,Yukon,44,53,57,0
05/25,Yukon,44,53,57,0
05/26,Yukon,44,53,57,0
05/27,Yukon,44,53,57,0
05/28,Yukon,44,53,57,0
05/29,Yukon,44,53,57,0
05/30,Yukon,44,53,57,0
05/31,Yukon,44,53,57,0
06/01,Yukon,44,53,57,0
06/02,Yukon,44,53,57,0
06/03,Yukon,44,53,57,0
06/04,Yukon,44,53,57,0
06/05,Yukon,44,53,57,0
06/06,Yukon,44,53,57,0
06/07,Yukon,44,53,57,0
06/08,Yukon,44,53,57,0
06/09,Yukon,44,53,57,0
06/10,Yukon,44,53,57,0
06/11,Yukon,44,53,57,0
06/12,Yukon,44,53,57,0
06/13,Yukon,44,53,57,0
06/14,Yukon,44,53,57,0
06/15,Yukon,44,53,57,0
06/16,Yukon,44,53,57,0
06/17,Yukon,44,53,57,0
06/18,Yukon,44,53,57,0
06/19,Yukon,44,53,57,0
06/20,Yukon,44,53,57,0
06/21,Yukon,44,53,57,0
06/22,Yukon,44,53,57,0
06/23,Yukon,44,53,57,0
06/24,Yukon,44,53,57,0
06/25,Yukon,44,53,57,0
06/26,Yukon,44,53,57,0
06/27,Yukon,44,53,57,0
06/28,Yukon,44,53,57,0
06/29,Yukon,44,53,57,0
06/30,Yukon,44,53,57,0
07/01,Yukon,44,53,57,0
07/02,Yukon,44,53,57,0
07/03,Yukon,44,53,57,0
07/04,Yukon,44,53,57,0
07/05,Yukon,44,53,57,0
07/06,Yukon,44,53,57,0
07/07,Yukon,44,53,57,0
07/08,Yukon,44,53,57,0
07/09,Yukon,44,53,57,0
07/10,Yukon,44,53,57,0
07/11,Yukon,44,53,57,0
07/12,Yukon,44,53,57,0
07/13,Yukon,44,53,57,0
07/14,Yukon,44,53,57,0
07/15,Yukon,44,53,57,0
07/16,Yukon,44,53,57,0
07/17,Yukon,44,53,57,0
07/18,Yukon,44,53,57,0
07/19,Yukon,44,53,57,0
07/20,Yukon,44,53,57,0
07/21,Yukon,44,53,57,0
07/22,Yukon,44,53,57,0
07/23,Yukon,44,53,57,0
07/24,Yukon,44,53,57,0
07/25,Yukon,44,53,57,0
07/26,Yukon,44,53,57,0
07/27,Yukon,44,53,57,0
07/28,Yukon,44,53,57,0
07/29,Yukon,44,53,57,0
07/30,Yukon,44,53,57,0
07/31,Yukon,44,53,57,0
08/01,Yukon,44,53,57,0
08/02,Yukon,44,53,57,0
08/03,Yukon,44,53,57,0
08/04,Yukon,44,53,57,0
08/05,Yukon,44,53,57,0
08/06,Yukon,44,53,57,0
08/07,Yukon,44,53,57,0
08/08,Yukon,44,53,57,0
08/09,Yukon,44,53,57,0
08/10,Yukon,44,53,57,0
08/11,Yukon,44,53,57,0
08/12,Yukon,44,53,57,0
08/13,Yukon,44,53,57,0
08/14,Yukon,44,53,57,0
08/15,Yukon,44,53,57,0
08/16,Yukon,44,53,57,0
08/17,Yukon,44,53,57,0
08/18,Yukon,44,53,57,0
08/19,Yukon,44,53,57,0
08/20,Yukon,44,53,57,0
08/21,Yukon,44,53,57,0
08/22,Yukon,44,53,57,0
08/23,Yukon,44,53,57,0
08/24,Yukon,44,53,57,0
08/25,Yukon,44,53,57,0
08/26,Yukon,44,53,57,0
08/27,Yukon,44,53,57,0
08/28,Yukon,44,53,57,0
08/29,Yukon,44,53,57,0
08/30,Yukon,44,53,57,0
08/31,Yukon,44,53,57,0
09/01,Yukon,44,53,57,0
